Date,Close/Last,Volume,Open,High,Low
05/01/2023,4185.75,1196486,4190.00,4206.25,4178.50
04/28/2023,4188.50,1689041,4151.00,4193.75,4131.50
04/27/2023,4153.75,1619468,4085.50,4166.50,4080.75
04/26/2023,4076.00,1754708,4110.25,4116.25,4068.75
04/25/2023,4093.25,1693915,4157.25,4158.50,4091.50
04/24/2023,4159.50,1286097,4150.00,4164.25,4133.50
04/21/2023,4156.75,1589067,4153.75,4161.00,4135.25
04/20/2023,4152.50,1716010,4172.25,4173.50,4137.00
04/19/2023,4178.50,1251334,4176.00,4187.50,4150.50
04/18/2023,4180.00,1371991,4177.00,4198.25,4164.50
04/17/2023,4176.75,1259702,4174.25,4180.50,4148.00
04/14/2023,4163.75,1825639,4168.75,4189.00,4138.00
04/13/2023,4172.75,1383128,4117.50,4177.00,4110.25
04/12/2023,4119.00,1804818,4137.50,4177.75,4113.50
04/11/2023,4136.50,1180767,4138.50,4151.75,4128.75
04/10/2023,4136.25,1118916,4139.00,4143.00,4098.75
04/06/2023,4132.00,1260567,4113.75,4135.25,4096.50
04/05/2023,4117.25,1424871,4134.00,4135.50,4099.00
04/04/2023,4129.00,1533692,4152.50,4171.75,4115.25
04/03/2023,4153.75,1332462,4127.00,4157.75,4122.75
03/31/2023,4137.75,1556548,4081.00,4142.50,4078.00
03/30/2023,4080.00,1279988,4058.00,4087.75,4052.50
03/29/2023,4057.50,1327088,4006.50,4061.25,4006.00
03/28/2023,4001.50,1189467,4013.50,4023.75,3980.75
03/27/2023,4007.25,1250224,4008.00,4034.25,3997.50
03/24/2023,4001.25,1870979,3988.75,4010.75,3937.00
03/23/2023,3978.00,2158762,3972.75,4039.50,3948.50
03/22/2023,3970.50,1733260,4038.75,4073.75,3966.25
03/21/2023,4035.75,1444577,3986.50,4043.25,3981.75
03/20/2023,3983.00,1746275,3963.75,3989.50,3897.25
03/17/2023,3947.00,2103967,3995.00,4009.25,3932.50
03/16/2023,3994.50,2450872,3924.75,4000.00,3895.00
03/15/2023,3925.00,2971815,3953.75,3964.00,3865.00
03/14/2023,3920.50,1492998,3865.75,3938.00,3855.25
03/13/2023,3856.75,2678528,3887.75,3938.75,3808.75
03/10/2023,3862.75,3157992,3919.00,3941.75,3846.25
03/09/2023,3920.00,2475807,3997.00,4019.75,3909.50
03/08/2023,3995.00,1790700,3990.00,4003.25,3971.50
03/07/2023,3989.75,2079060,4053.75,4064.50,3982.50
03/06/2023,4052.50,1488740,4049.25,4082.50,4041.75
03/03/2023,4049.75,1578056,3983.00,4053.00,3974.00
03/02/2023,3984.75,1784623,3959.75,3995.25,3925.00
03/01/2023,3956.50,1976533,3968.50,3991.00,3943.00
02/28/2023,3975.50,1774573,3991.50,4003.75,3965.00
02/27/2023,3988.00,1586754,3976.50,4024.75,3973.00
02/24/2023,3975.75,1978865,4015.25,4023.25,3947.50
02/23/2023,4018.75,1897876,4010.00,4034.25,3974.25
02/22/2023,3999.00,1877028,4007.50,4025.00,3983.75
02/21/2023,4005.75,1823853,4083.00,4089.25,4002.00
02/17/2023,4087.50,1941351,4095.50,4096.00,4055.75
02/16/2023,4099.75,1992560,4159.00,4168.50,4095.00
02/15/2023,4158.25,1567727,4141.25,4161.75,4113.00
02/14/2023,4145.50,2323441,4149.75,4186.50,4103.75
02/13/2023,4147.25,1320269,4105.00,4150.75,4078.75
02/10/2023,4099.75,1698239,4098.00,4104.25,4060.75
02/09/2023,4091.75,1777929,4132.25,4170.25,4078.25
02/08/2023,4130.50,1736222,4167.25,4179.25,4121.25
02/07/2023,4175.75,2124506,4123.50,4188.25,4098.25
02/06/2023,4123.50,1516784,4134.25,4143.00,4104.00
02/03/2023,4147.75,2263572,4176.00,4194.00,4132.50
02/02/2023,4191.50,2220174,4145.50,4208.50,4136.75
02/01/2023,4132.25,1940056,4085.75,4163.25,4048.50
01/31/2023,4090.00,1706045,4039.25,4091.25,4007.50
01/30/2023,4032.50,1730636,4077.00,4086.00,4029.50
01/27/2023,4084.25,1526977,4065.00,4109.25,4057.25
01/26/2023,4075.50,1564498,4031.00,4077.00,4027.25
01/25/2023,4032.00,1704088,4039.00,4040.50,3963.25
01/24/2023,4032.75,1432233,4036.50,4047.50,4005.25
01/23/2023,4036.50,1532130,3987.00,4056.75,3980.25
01/20/2023,3988.50,1529244,3925.00,3990.50,3911.75
01/19/2023,3915.50,1836136,3945.25,3948.75,3901.75
01/18/2023,3945.75,1837347,4008.50,4033.50,3943.75
01/17/2023,4009.50,1376060,4020.00,4035.25,3996.75
01/13/2023,4018.25,1411420,4003.00,4024.25,3961.75
01/12/2023,4003.50,2044471,3991.75,4021.50,3954.00
01/11/2023,3990.00,1334109,3941.00,3992.50,3934.50
01/10/2023,3940.75,1477906,3914.50,3943.75,3891.50
01/09/2023,3913.75,1649040,3918.50,3973.25,3909.75
01/06/2023,3915.50,1938253,3833.00,3928.75,3819.00
01/05/2023,3829.00,1636427,3871.00,3885.50,3822.50
01/04/2023,3874.50,1859292,3842.75,3896.25,3836.50
01/03/2023,3846.00,1715949,3895.00,3906.75,3814.50
12/30/2022,3861.00,1297265,3869.75,3871.00,3821.50
12/29/2022,3871.75,1089698,3811.00,3882.75,3806.25
12/28/2022,3807.50,1204276,3858.00,3875.00,3804.50
12/27/2022,3855.00,975375,3878.00,3900.50,3837.25
12/23/2022,3869.75,1332677,3850.00,3872.50,3821.25
12/22/2022,3849.25,1753646,3915.00,3919.75,3788.50
12/21/2022,3905.75,1465991,3857.25,3918.75,3855.50
12/20/2022,3849.25,1464361,3842.75,3866.50,3803.50
12/19/2022,3845.50,1328539,3874.00,3899.00,3827.25
12/16/2022,3879.00,1847442,3920.00,3934.50,3855.25
12/15/2022,3927.25,2168729,4037.00,4043.00,3908.00
12/14/2022,4030.75,1887172,4054.50,4090.75,3997.00
12/13/2022,4022.25,1347293,3989.25,4145.00,3985.00
12/12/2022,3991.75,1553055,3933.00,3992.75,3924.50
12/09/2022,3936.25,1667155,3964.75,3990.00,3930.00
12/08/2022,3965.75,1661660,3935.75,3977.25,3916.00
12/07/2022,3936.75,1710759,3944.50,3961.50,3914.00
12/06/2022,3945.00,1799147,4005.75,4014.75,3921.50
12/05/2022,4003.25,1435183,4074.00,4075.75,3987.25
12/02/2022,4075.50,1783975,4077.50,4085.50,4006.75
12/01/2022,4081.75,1777674,4094.50,4110.00,4054.50
11/30/2022,4081.25,2363044,3962.25,4093.50,3942.75
11/29/2022,3962.00,1447936,3972.00,3990.25,3941.25
11/28/2022,3970.25,1427798,4020.25,4024.00,3960.25
11/25/2022,4032.50,564882,4038.75,4049.25,4024.75
11/23/2022,4033.00,1239146,4010.00,4039.50,4002.00
11/22/2022,4010.25,1112441,3957.75,4012.50,3945.25
11/21/2022,3958.00,1137838,3972.50,3982.00,3937.50
11/18/2022,3974.00,1473728,3960.50,3994.00,3942.50
11/17/2022,3955.25,1518140,3977.25,3990.25,3912.50
11/16/2022,3968.50,1448170,3992.00,4015.75,3962.00
11/15/2022,3999.50,2167599,3974.75,4050.75,3960.00
11/14/2022,3966.00,1521906,3984.00,4017.50,3964.00
11/11/2022,4000.25,1847026,3973.00,4009.75,3951.00
11/10/2022,3961.00,2306229,3757.00,3973.50,3751.50
11/09/2022,3755.50,1829584,3832.50,3848.75,3750.00
11/08/2022,3835.25,1813860,3812.75,3867.00,3792.75
11/07/2022,3815.25,1445704,3750.00,3821.75,3738.25
11/04/2022,3779.50,2428954,3724.00,3805.50,3711.00
11/03/2022,3727.75,1826073,3766.75,3782.50,3704.25
11/02/2022,3768.75,2132496,3863.00,3907.00,3760.25
11/01/2022,3866.00,1832111,3884.00,3928.00,3852.50
10/31/2022,3883.00,1886873,3911.50,3914.75,3872.25
10/28/2022,3911.25,1995211,3798.25,3924.25,3776.75
10/27/2022,3819.50,2145592,3844.25,3870.75,3757.50
10/26/2022,3841.00,2030789,3841.00,3897.50,3824.25
10/25/2022,3870.25,1791764,3803.25,3874.25,3790.00
10/24/2022,3809.25,2053031,3771.00,3822.00,3736.50
10/21/2022,3764.00,2589771,3677.75,3773.25,3641.50
10/20/2022,3675.25,2344701,3708.00,3748.00,3666.25
10/19/2022,3707.25,2299463,3759.75,3774.25,3676.75
10/18/2022,3732.75,2699690,3706.25,3777.25,3697.25
10/17/2022,3689.25,1885475,3591.00,3702.50,3590.50
10/14/2022,3597.50,2653130,3680.25,3733.75,3591.25
10/13/2022,3681.75,3200784,3596.25,3697.75,3502.00
10/12/2022,3588.50,1901513,3607.00,3635.25,3585.50
10/11/2022,3599.25,2348941,3624.75,3653.25,3579.00
10/10/2022,3625.25,1988884,3638.75,3667.50,3600.00
10/07/2022,3653.25,2152520,3745.75,3770.50,3632.50
10/06/2022,3756.75,2105364,3795.75,3819.50,3750.00
10/05/2022,3794.00,2031801,3801.00,3820.00,3734.00
10/04/2022,3803.25,2307659,3696.50,3808.75,3686.25
10/03/2022,3690.25,2259001,3593.25,3711.75,3571.75
09/30/2022,3601.50,2828273,3656.50,3693.75,3595.25
09/29/2022,3654.25,2802168,3730.25,3736.00,3622.00
09/28/2022,3732.00,2691250,3668.50,3751.25,3613.00
09/27/2022,3661.00,2899295,3668.00,3733.00,3635.25
09/26/2022,3670.00,2830933,3705.25,3730.50,3657.50
09/23/2022,3709.00,2816235,3777.25,3783.25,3660.25
09/22/2022,3772.00,2537096,3794.00,3833.00,3763.50
09/21/2022,3806.25,2365680,3878.75,3925.25,3792.00
09/20/2022,3872.75,2285181,3923.00,3936.25,3843.25
09/19/2022,3917.25,2046865,3889.50,3927.00,3846.25
09/16/2022,3890.00,2611885,3904.00,3905.00,3853.00
09/15/2022,3919.25,2481051,3972.00,3963.50,3905.00
09/14/2022,3965.50,2469553,3956.75,3981.25,3929.00
09/13/2022,3931.25,1366551,4118.25,4158.00,3919.75
09/12/2022,4110.75,1677170,4077.25,4119.75,4062.25
09/09/2022,4067.25,1618863,4010.25,4077.25,4005.75
09/08/2022,4005.50,2298241,3980.00,4011.50,3942.75
09/07/2022,3980.00,1896910,3907.50,3988.75,3883.50
09/06/2022,3910.50,2294895,3929.00,3963.25,3886.75
09/02/2022,3924.50,2439403,3967.50,4019.25,3906.00
09/01/2022,3968.75,2155772,3958.00,3971.25,3903.50
08/31/2022,3956.50,2279101,3987.25,4018.25,3953.00
08/30/2022,3987.50,2499358,4035.75,4072.75,3964.50
08/29/2022,4031.25,1908217,4024.00,4064.00,4006.75
08/26/2022,4059.50,2143578,4198.25,4217.25,4042.75
08/25/2022,4201.00,1574706,4148.75,4202.75,4143.00
08/24/2022,4142.75,1299179,4128.25,4158.50,4110.75
08/23/2022,4130.50,1549831,4147.00,4161.75,4118.00
08/22/2022,4141.25,1668848,4221.00,4221.50,4131.50
08/19/2022,4231.50,1630365,4287.00,4288.00,4220.75
08/18/2022,4286.50,1321056,4279.50,4295.50,4258.00
08/17/2022,4276.75,1588532,4309.25,4315.00,4255.00
08/16/2022,4307.75,1322087,4294.50,4327.50,4278.75
08/15/2022,4298.25,1279387,4277.00,4304.75,4249.00
08/12/2022,4281.00,1227330,4219.25,4282.75,4208.25
08/11/2022,4209.75,1556044,4210.75,4260.50,4202.75
08/10/2022,4210.00,1553613,4128.75,4213.50,4113.75
08/09/2022,4124.50,1242523,4148.50,4155.00,4113.00
08/08/2022,4141.75,1490087,4149.75,4188.00,4129.25
08/05/2022,4146.75,1665589,4152.00,4166.25,4103.75
08/04/2022,4152.25,1197635,4150.25,4173.25,4136.00
08/03/2022,4156.25,1632015,4097.00,4170.00,4084.50
08/02/2022,4093.75,1849433,4119.75,4143.00,4080.50
08/01/2022,4120.50,1715383,4137.50,4147.25,4097.00
07/29/2022,4133.50,1820578,4105.00,4144.00,4081.00
07/28/2022,4073.50,1956645,4022.00,4111.00,3994.50
07/27/2022,4024.50,1672372,3939.25,4042.75,3938.75
07/26/2022,3923.25,1544616,3959.00,3964.50,3913.25
07/25/2022,3970.00,1459047,3967.75,3988.75,3946.00
07/22/2022,3965.00,1688708,3988.00,4016.25,3941.50
07/21/2022,4001.25,1775713,3954.00,4004.75,3930.25
07/20/2022,3962.50,1685650,3947.00,3977.25,3922.25
07/19/2022,3937.50,1544260,3838.50,3948.00,3834.00
07/18/2022,3833.75,1385487,3878.50,3909.50,3820.25
07/15/2022,3865.00,1438984,3797.75,3868.25,3780.25
07/14/2022,3793.25,1841185,3795.75,3806.25,3723.75
07/13/2022,3804.50,2102326,3825.00,3873.00,3752.00
07/12/2022,3823.75,1606521,3862.00,3876.50,3804.75
07/11/2022,3856.75,1447565,3900.00,3900.75,3850.00
07/08/2022,3901.25,1431951,3897.00,3922.00,3868.00
07/07/2022,3905.00,1272942,3853.75,3914.25,3832.50
07/06/2022,3848.25,1642498,3838.00,3875.00,3808.75
07/05/2022,3834.00,1962829,3828.50,3857.75,3744.00
07/01/2022,3827.25,1676149,3782.00,3833.50,3744.50
06/30/2022,3789.50,2286927,3822.75,3825.00,3741.25
06/29/2022,3821.25,1682721,3828.25,3840.00,3801.25
06/28/2022,3825.50,1730030,3911.25,3950.00,3821.75
06/27/2022,3903.75,1447178,3915.00,3948.00,3892.50
06/24/2022,3916.25,1476644,3785.25,3919.75,3781.25
06/23/2022,3799.75,1572600,3761.25,3805.75,3735.00
06/22/2022,3762.75,1611415,3766.25,3805.50,3693.25
06/21/2022,3767.75,1509673,3684.00,3783.75,3661.50
06/17/2022,3675.75,2083862,3680.50,3713.50,3639.00
06/16/2022,3671.25,2412666,3799.00,3833.25,3642.00
06/15/2022,3793.50,2200220,3743.50,3843.00,3723.50
06/14/2022,3736.75,1295987,3758.25,3805.00,3705.25
06/13/2022,3750.50,2059954,3870.75,3876.50,3732.50
06/10/2022,3899.00,1994112,4025.25,4029.50,3895.25
06/09/2022,4016.25,1972157,4116.00,4144.25,4014.75
06/08/2022,4114.00,1664139,4150.75,4160.00,4105.25
06/07/2022,4158.75,1642599,4122.00,4164.00,4076.00
06/06/2022,4120.50,1421074,4110.50,4168.25,4104.50
06/03/2022,4107.00,1482581,4177.75,4189.00,4096.75
06/02/2022,4175.25,1477402,4097.75,4179.00,4072.25
06/01/2022,4099.00,1853598,4138.50,4165.00,4071.50
05/31/2022,4131.25,2146942,4164.50,4202.25,4102.75
05/27/2022,4155.75,1483524,4047.50,4168.25,4041.25
05/26/2022,4055.75,1425634,3972.25,4073.50,3960.50
05/25/2022,3976.75,1693702,3950.00,3997.75,3913.50
05/24/2022,3940.50,1974832,3951.75,3954.50,3872.00
05/23/2022,3971.75,1696085,3910.50,3982.25,3906.50
05/20/2022,3899.50,2315956,3900.50,3949.50,3807.50
05/19/2022,3897.75,2271796,3916.50,3943.50,3856.00
05/18/2022,3922.75,2106856,4091.25,4095.00,3905.50
05/17/2022,4084.75,1665190,4002.00,4091.50,4000.50
05/16/2022,4004.75,1645516,4025.00,4043.50,3979.50
05/13/2022,4019.75,1791495,3916.25,4036.00,3915.50
05/12/2022,3927.25,2326518,3939.75,3961.75,3855.00
05/11/2022,3930.25,2105428,3990.50,4050.50,3923.75
05/10/2022,3996.75,2198850,3993.25,4065.50,3953.00
05/09/2022,3987.50,2063724,4087.25,4099.00,3970.00
05/06/2022,4119.50,2224628,4146.50,4153.25,4062.00
05/05/2022,4143.25,2321038,4289.75,4300.75,4099.25
05/04/2022,4295.25,1720171,4171.25,4303.00,4142.75
05/03/2022,4169.25,1633153,4145.50,4195.75,4129.00
05/02/2022,4151.00,2262204,4144.00,4165.75,4056.00
04/29/2022,4127.50,2026218,4244.00,4279.75,4118.75
04/28/2022,4283.50,1747081,4213.00,4303.50,4182.50
04/27/2022,4180.25,1981698,4149.50,4236.25,4149.00
04/26/2022,4170.50,1956378,4294.00,4303.50,4136.75
04/25/2022,4292.75,2227573,4259.00,4296.50,4195.25
04/22/2022,4267.25,1957198,4385.75,4393.25,4247.50
04/21/2022,4390.50,1653367,4468.00,4509.00,4380.00
04/20/2022,4455.50,1391211,4441.00,4484.25,4432.75
04/19/2022,4459.25,1428795,4399.00,4467.00,4371.75
04/18/2022,4386.75,1122220,4390.00,4406.25,4355.50
04/14/2022,4387.50,1326331,4438.50,4455.75,4385.00
04/13/2022,4442.25,1211661,4396.75,4449.50,4384.00
04/12/2022,4393.00,1710834,4411.00,4466.75,4375.50
04/11/2022,4409.00,1383192,4488.75,4491.25,4403.50
04/08/2022,4483.50,1295277,4494.75,4519.75,4468.75
04/07/2022,4496.25,1416525,4471.25,4517.25,4444.50
04/06/2022,4475.75,1730492,4526.25,4528.75,4444.50
04/05/2022,4520.25,1270722,4576.25,4588.75,4507.75
04/04/2022,4577.75,988739,4538.25,4580.00,4527.75
04/01/2022,4539.25,1378529,4541.00,4555.50,4501.25
03/31/2022,4530.75,1522526,4599.00,4614.25,4526.25
03/30/2022,4596.00,1150782,4621.25,4627.50,4574.75
03/29/2022,4625.50,1314117,4570.25,4631.00,4565.25
03/28/2022,4568.00,1141800,4535.25,4572.25,4509.75
03/25/2022,4536.50,1194489,4516.25,4539.00,4493.25
03/24/2022,4512.50,1184217,4449.25,4517.50,4445.75
03/23/2022,4447.50,1254542,4504.00,4514.00,4444.75
03/22/2022,4505.00,1172386,4456.75,4514.75,4433.00
03/21/2022,4452.25,1323485,4460.00,4473.00,4415.00
03/18/2022,4453.50,1319068,4384.25,4465.75,4364.50
03/17/2022,4402.00,1392659,4361.00,4406.75,4320.25
03/16/2022,4349.50,1951637,4249.75,4367.50,4239.00
03/15/2022,4262.00,1023600,4180.25,4271.50,4138.00
03/14/2022,4172.00,1389362,4216.00,4254.50,4160.75
03/11/2022,4201.50,1588516,4258.50,4335.50,4198.00
03/10/2022,4257.25,1704290,4279.00,4282.25,4207.00
03/09/2022,4275.25,1595555,4153.00,4298.25,4152.00
03/08/2022,4168.75,2292546,4186.50,4275.00,4138.75
03/07/2022,4198.50,1831575,4308.75,4325.25,4185.25
03/04/2022,4327.25,1778744,4366.50,4374.50,4281.25
03/03/2022,4359.25,1516287,4373.75,4418.75,4341.00
03/02/2022,4381.75,1656846,4308.75,4399.25,4278.25
03/01/2022,4303.75,1807846,4367.50,4399.00,4275.00
02/28/2022,4368.00,2095418,4299.50,4385.50,4251.50
02/25/2022,4380.00,1886455,4266.75,4384.25,4227.50
02/24/2022,4284.00,2846611,4215.50,4290.00,4101.75
02/23/2022,4222.00,1838059,4310.75,4345.50,4212.50
02/22/2022,4300.00,2524302,4324.25,4391.25,4250.00
02/18/2022,4343.50,1741865,4374.75,4411.50,4321.00
02/17/2022,4374.50,1579717,4464.25,4474.75,4367.25
02/16/2022,4470.00,1376779,4458.75,4484.50,4422.75
02/15/2022,4464.50,1486394,4393.50,4468.00,4381.75
02/14/2022,4394.00,2053340,4411.75,4428.00,4354.00
02/11/2022,4409.50,2406446,4494.50,4520.50,4393.25
02/10/2022,4497.50,2329535,4582.25,4583.75,4476.00
02/09/2022,4577.75,1322643,4519.00,4585.00,4517.25
02/08/2022,4512.50,1421182,4484.00,4523.75,4456.25
02/07/2022,4475.75,1422337,4497.00,4514.50,4462.75
02/04/2022,4492.50,1884479,4518.00,4532.50,4438.50
02/03/2022,4469.00,1752662,4545.75,4548.25,4462.00
02/02/2022,4577.25,1555416,4552.00,4586.00,4535.25
02/01/2022,4535.00,1531666,4493.25,4554.75,4474.00
01/31/2022,4504.25,1715808,4423.50,4507.75,4395.50
01/28/2022,4423.25,2179660,4348.00,4426.00,4266.25
01/27/2022,4317.75,2233011,4345.25,4422.00,4263.25
01/26/2022,4341.50,2363198,4308.75,4446.25,4294.25
01/25/2022,4349.00,2408987,4402.75,4406.75,4276.50
01/24/2022,4403.75,3706541,4389.00,4427.50,4212.75
01/21/2022,4390.00,2903504,4454.25,4487.00,4381.25
01/20/2022,4474.75,1985891,4526.00,4594.25,4437.75
01/19/2022,4524.25,1927331,4577.75,4603.00,4517.25
01/18/2022,4571.25,2190424,4666.00,4671.75,4560.00
01/14/2022,4654.75,1955604,4655.00,4667.00,4606.00
01/13/2022,4652.00,1771301,4719.25,4736.25,4642.50
01/12/2022,4716.25,1530197,4704.00,4739.50,4695.00
01/11/2022,4705.00,1688260,4663.50,4707.50,4627.25
01/10/2022,4662.25,2152892,4671.25,4681.75,4572.75
01/07/2022,4667.75,1553298,4695.00,4705.75,4653.75
01/06/2022,4687.50,1809080,4692.00,4715.75,4662.00
01/05/2022,4692.50,1777333,4783.50,4788.25,4689.50
01/04/2022,4784.25,1348261,4785.25,4808.25,4764.50
01/03/2022,4786.00,1274923,4771.00,4791.25,4747.50
12/31/2021,4758.50,864272,4773.75,4778.50,4750.50
12/30/2021,4772.25,713051,4784.75,4799.75,4767.25
12/29/2021,4784.50,821609,4781.00,4796.00,4770.00
12/28/2021,4778.50,921540,4780.50,4798.00,4770.50
12/27/2021,4782.25,852947,4717.00,4784.25,4713.25
12/23/2021,4715.75,924157,4689.00,4731.25,4684.25
12/22/2021,4686.00,1069386,4641.75,4690.50,4622.25
12/21/2021,4640.75,1458991,4567.75,4643.00,4565.75
12/20/2021,4558.50,2027645,4612.00,4621.50,4520.25
12/17/2021,4610.00,2388033,4664.00,4668.00,4590.00
12/16/2021,4659.25,2113829,4702.75,4743.25,4642.00
12/15/2021,4700.50,2052100,4629.00,4705.75,4602.00
12/14/2021,4637.00,1077806,4672.00,4686.00,4606.00
12/13/2021,4668.75,1560025,4711.25,4731.00,4664.75
12/10/2021,4711.00,1530043,4669.25,4712.75,4664.25
12/09/2021,4667.00,1541688,4697.25,4706.00,4662.25
12/08/2021,4699.00,1339094,4695.25,4712.00,4671.75
12/07/2021,4685.00,1702677,4594.25,4697.25,4587.25
12/06/2021,4590.00,1955846,4542.25,4611.75,4531.50
12/03/2021,4537.50,2673527,4587.25,4606.50,4492.00
12/02/2021,4575.75,2527299,4514.75,4593.75,4505.50
12/01/2021,4508.50,2600066,4587.50,4650.75,4497.75
11/30/2021,4566.25,2722181,4657.25,4667.50,4557.00
11/29/2021,4651.00,1950330,4589.00,4669.75,4588.75
11/26/2021,4595.75,1975442,4700.50,4717.00,4577.25
11/24/2021,4699.00,1360031,4686.25,4702.25,4656.25
11/23/2021,4688.50,1841703,4686.00,4695.50,4649.00
11/22/2021,4679.75,1626066,4701.00,4740.50,4674.25
11/19/2021,4694.50,1283724,4705.25,4723.50,4684.25
11/18/2021,4701.50,1133739,4685.25,4706.50,4668.00
11/17/2021,4686.25,1024064,4696.50,4701.00,4679.25
11/16/2021,4696.00,995381,4680.75,4709.75,4670.75
11/15/2021,4679.00,1005644,4684.75,4697.50,4667.00
11/12/2021,4678.25,1103241,4647.00,4685.50,4643.75
11/11/2021,4643.00,919639,4645.00,4661.50,4638.00
11/10/2021,4642.00,1584855,4674.75,4680.25,4625.25
11/09/2021,4678.25,1257821,4690.75,4700.50,4663.25
11/08/2021,4694.00,951826,4678.50,4707.00,4676.25
11/05/2021,4690.25,1395221,4671.75,4711.75,4667.50
11/04/2021,4673.25,1130435,4651.50,4676.25,4650.75
11/03/2021,4652.25,1043825,4621.25,4657.00,4613.00
11/02/2021,4623.50,950648,4605.75,4627.00,4593.25
11/01/2021,4605.75,1030640,4608.00,4619.50,4586.50
10/29/2021,4597.00,1336834,4577.00,4603.50,4559.25
10/28/2021,4587.50,1157272,4548.75,4589.75,4545.25
10/27/2021,4544.50,1215381,4563.75,4576.75,4543.75
10/26/2021,4565.25,1218139,4564.75,4590.00,4560.75
10/25/2021,4558.00,986892,4528.75,4566.25,4522.50
10/22/2021,4536.50,1266594,4530.00,4551.50,4515.25
10/21/2021,4541.75,913715,4525.00,4543.25,4510.25
10/20/2021,4528.00,966182,4516.00,4532.25,4504.00
10/19/2021,4511.25,984627,4475.75,4517.50,4471.75
10/18/2021,4477.50,1038082,4465.50,4479.75,4436.25
10/15/2021,4462.50,1134903,4433.00,4467.50,4426.25
10/14/2021,4429.00,1222049,4354.75,4437.25,4354.00
10/13/2021,4355.00,1329632,4327.50,4364.75,4318.75
10/12/2021,4340.75,1258996,4347.75,4365.00,4317.25
10/11/2021,4351.00,1207330,4381.00,4407.50,4344.00
10/08/2021,4382.25,1370411,4390.50,4407.75,4376.25
10/07/2021,4390.00,1379063,4355.25,4421.50,4355.00
10/06/2021,4354.00,2143633,4334.00,4357.50,4273.75
10/05/2021,4334.00,1600335,4295.75,4359.75,4269.00
10/04/2021,4291.25,2066728,4349.00,4362.00,4267.50
10/01/2021,4343.75,2195070,4301.00,4365.75,4260.00
09/30/2021,4297.75,2245109,4360.00,4389.00,4294.25
09/29/2021,4349.75,1773228,4347.50,4378.75,4344.25
09/28/2021,4343.50,2242003,4429.75,4442.00,4334.75
09/27/2021,4433.00,1255539,4446.00,4472.00,4425.00
09/24/2021,4445.75,1134105,4439.00,4453.00,4410.75
09/23/2021,4438.00,1411565,4386.00,4455.00,4385.75
09/22/2021,4384.00,1712102,4336.50,4406.50,4321.25
09/21/2021,4343.25,1910396,4342.50,4395.75,4329.25
09/20/2021,4421.75,2616772,4411.75,4418.00,4293.75
09/17/2021,4421.75,1877582,4459.25,4472.50,4406.50
09/16/2021,4464.25,1470804,4476.00,4478.50,4433.25
09/15/2021,4472.00,1613033,4437.00,4477.75,4427.50
09/14/2021,4444.50,868110,4475.50,4489.50,4435.00
09/13/2021,4469.00,1508529,4461.00,4492.75,4444.75
09/10/2021,4458.25,1676894,4491.25,4518.25,4456.50
09/09/2021,4492.25,1679150,4511.00,4529.50,4485.50
09/08/2021,4512.50,1574564,4517.50,4524.75,4492.00
09/07/2021,4519.25,1246114,4533.00,4548.00,4510.75
09/03/2021,4534.50,1119830,4536.75,4549.50,4519.25
09/02/2021,4535.25,999271,4522.50,4544.00,4516.00
09/01/2021,4521.25,1033147,4527.75,4540.00,4519.25
08/31/2021,4520.50,1330788,4529.50,4542.25,4512.50
08/30/2021,4525.25,942186,4508.75,4534.50,4500.75
08/27/2021,4505.50,1163079,4470.00,4510.00,4462.25
08/26/2021,4466.50,1289190,4493.75,4494.25,4465.00
08/25/2021,4493.00,762787,4483.50,4498.00,4476.25
08/24/2021,4482.50,770456,4481.00,4492.00,4476.75
08/23/2021,4475.50,959300,4435.00,4485.75,4433.50
08/20/2021,4437.00,1283695,4403.75,4440.50,4371.75
08/19/2021,4401.50,1899625,4389.75,4414.75,4347.75
08/18/2021,4394.50,1510094,4436.75,4449.75,4381.50
08/17/2021,4443.50,1755552,4472.00,4472.25,4411.75
08/16/2021,4474.00,1176359,4456.25,4476.50,4432.50
08/13/2021,4462.50,757338,4455.75,4463.25,4451.00
08/12/2021,4454.50,840312,4440.00,4456.25,4430.25
08/11/2021,4440.50,974667,4429.25,4443.25,4420.75
08/10/2021,4430.00,931485,4427.25,4438.25,4416.50
08/09/2021,4425.75,757556,4428.00,4432.00,4412.25
08/06/2021,4429.50,914059,4420.25,4433.25,4416.00
08/05/2021,4421.50,749057,4396.25,4422.75,4393.75
08/04/2021,4394.75,1023118,4409.75,4415.00,4391.25
08/03/2021,4415.00,1276842,4383.75,4417.00,4365.25
08/02/2021,4379.75,1163783,4396.50,4419.75,4377.25
07/30/2021,4389.50,1332420,4394.25,4405.00,4370.75
07/29/2021,4411.75,985640,4393.75,4422.50,4380.50
07/28/2021,4393.75,1200639,4380.00,4407.75,4377.50
07/27/2021,4394.50,1541854,4415.75,4416.00,4364.75
07/26/2021,4414.25,906474,4400.50,4416.75,4375.50
07/23/2021,4403.00,1111571,4371.50,4408.25,4367.25
07/22/2021,4359.50,963568,4355.00,4371.50,4341.50
07/21/2021,4350.50,1137187,4318.75,4355.25,4310.00
07/20/2021,4315.50,1814001,4262.75,4329.00,4252.75
07/19/2021,4251.25,2542557,4320.00,4320.75,4224.00
07/16/2021,4318.50,1587957,4347.75,4368.00,4314.25
07/15/2021,4352.00,1566968,4366.50,4370.25,4332.50
07/14/2021,4367.75,1279680,4359.50,4384.50,4350.00
07/13/2021,4361.25,1225245,4377.00,4383.75,4356.50
07/12/2021,4376.50,1025096,4362.00,4379.25,4341.75
07/09/2021,4360.00,1263836,4310.25,4364.00,4293.25
07/08/2021,4313.00,1960034,4352.25,4352.25,4279.25
07/07/2021,4349.75,1180897,4328.00,4353.25,4320.25
07/06/2021,4334.00,1332737,4341.00,4348.00,4305.25
07/02/2021,4342.75,938503,4309.75,4347.00,4308.00
07/01/2021,4310.75,963540,4294.25,4312.00,4286.00
06/30/2021,4288.50,1035097,4284.75,4294.25,4269.25
06/29/2021,4282.00,722551,4280.50,4291.00,4271.75
06/28/2021,4280.50,801522,4275.00,4282.00,4264.25
06/25/2021,4271.25,864354,4262.00,4276.75,4253.50
06/24/2021,4256.00,852510,4233.75,4263.75,4231.75
06/23/2021,4231.50,908526,4237.50,4248.25,4230.50
06/22/2021,4236.25,1029308,4219.25,4245.50,4205.75
06/21/2021,4213.75,1382817,4142.50,4219.75,4126.75
06/18/2021,4153.50,1882864,4216.00,4220.00,4140.75
06/17/2021,4212.25,1709670,4204.25,4222.75,4183.00
06/16/2021,4213.00,1587096,4238.00,4241.50,4190.25
06/15/2021,4246.50,944668,4255.25,4267.50,4238.00
06/14/2021,4254.75,1089658,4248.00,4257.50,4233.50
06/11/2021,4245.75,1049769,4239.50,4247.75,4230.75
06/10/2021,4238.00,1532810,4222.25,4249.00,4207.00
06/09/2021,4218.50,1026066,4225.50,4235.00,4217.00
06/08/2021,4225.75,1282476,4227.50,4236.75,4205.75
06/07/2021,4225.50,906976,4232.25,4232.50,4214.00
06/04/2021,4228.25,1014350,4190.75,4232.00,4223.50
06/03/2021,4191.30,1361302,4208.00,4201.50,4188.75
06/02/2021,4206.20,1033876,4198.50,4215.00,4195.50
06/01/2021,4198.60,1333201,4200.25,4203.00,4197.50
05/28/2021,4202.50,1035552,4211.25,4217.50,4201.00
05/27/2021,4199.00,1163991,4193.00,4211.50,4194.25
05/26/2021,4193.10,1035765,4188.00,4199.00,4187.25
05/25/2021,4185.50,1195504,4199.25,4212.75,4179.25
05/24/2021,4193.80,1016112,4151.50,4206.25,4142.50
05/21/2021,4151.75,1419777,4152.50,4185.00,4147.00
05/20/2021,4154.20,1444565,4107.75,4169.25,4084.50
05/19/2021,4111.50,2262941,4114.00,4113.75,4078.25
05/18/2021,4123.10,1251361,4159.00,4137.50,4111.50
05/17/2021,4157.80,1443400,4169.00,4162.50,4150.75
05/14/2021,4169.00,1462609,4112.50,4178.25,4105.25
05/13/2021,4107.10,2341209,4053.50,4126.75,4029.25
05/12/2021,4058.70,2574128,4140.00,4150.50,4051.00
05/11/2021,4146.20,2486175,4176.75,4150.50,4137.50
05/10/2021,4183.40,1629034,4226.75,4238.25,4172.00
05/07/2021,4225.25,1605992,4197.50,4231.75,4219.75
05/06/2021,4194.20,1724193,4158.75,4197.25,4160.00
05/05/2021,4159.90,1384352,4158.25,4163.25,4156.25
05/04/2021,4158.30,1951601,4184.25,4162.50,4135.50
05/03/2021,4185.80,1205298,4181.50,4202.50,4181.00
04/30/2021,4174.50,1849796,4200.75,4182.75,4167.25
04/29/2021,4203.40,1720930,4184.75,4205.25,4199.00
04/28/2021,4176.30,1252604,4180.25,4193.75,4172.75
04/27/2021,4178.90,963727,4181.50,4192.50,4166.75
04/26/2021,4179.40,989218,4170.75,4183.25,4176.25
04/23/2021,4171.50,1461431,4129.00,4186.75,4127.50
04/22/2021,4127.70,1924176,4157.50,4168.50,4115.25
04/21/2021,4164.80,1476724,4121.25,4167.25,4113.00
04/20/2021,4126.60,1664494,4156.25,4167.25,4110.50
04/19/2021,4155.50,1584699,4165.00,4174.75,4141.75
04/16/2021,4176.25,1243228,4162.75,4183.50,4154.25
04/15/2021,4162.40,1238347,4123.50,4166.50,4153.75
04/14/2021,4117.90,1495066,4134.75,4130.25,4113.00
04/13/2021,4132.80,1040626,4122.75,4139.75,4101.25
04/12/2021,4120.30,1045031,4114.25,4124.50,4104.50
04/09/2021,4119.50,1034843,4098.00,4121.50,4081.00
04/08/2021,4089.00,964989,4074.25,4098.50,4072.50
04/07/2021,4069.90,1071277,4067.00,4075.50,4058.25
04/06/2021,4064.00,1233658,4069.75,4076.00,4058.25
04/05/2021,4067.70,1206081,4030.00,4073.75,4021.00
04/01/2021,4010.00,1174633,3967.50,4015.25,3964.50
03/31/2021,3967.40,1565025,3949.50,3983.75,3941.50
03/30/2021,3947.70,1567430,3965.25,3968.50,3933.75
03/29/2021,3958.90,1963304,3962.25,3971.25,3928.75
03/26/2021,3964.75,1929470,3907.50,3968.00,3900.75
03/25/2021,3900.50,2250189,3882.75,3909.50,3870.00
03/24/2021,3880.80,2025004,3905.75,3931.50,3877.50
03/23/2021,3899.80,1844653,3933.25,3906.00,3890.50
03/22/2021,3930.00,1282989,3893.50,3944.50,3885.00
03/19/2021,3899.75,1986486,3910.75,3923.50,3875.00
03/18/2021,3906.00,2096466,3962.00,3978.50,3900.50
03/17/2021,3963.60,1922176,3957.25,3973.50,3925.00
03/16/2021,3962.40,865750,3967.00,3980.50,3952.75
03/15/2021,3967.60,1252265,3945.75,3969.75,3922.25
03/12/2021,3942.25,1416883,3937.50,3947.50,3910.25
03/11/2021,3936.70,1570749,3907.75,3958.50,3893.00
03/10/2021,3896.50,1817563,3878.50,3916.25,3856.25
03/09/2021,3873.30,1668143,3831.25,3901.25,3826.25
03/08/2021,3819.30,2156644,3854.75,3878.75,3796.25
03/05/2021,3839.00,2862110,3765.50,3850.00,3728.50
03/04/2021,3765.60,3146558,3818.00,3842.25,3720.50
03/03/2021,3816.70,2159367,3867.50,3898.00,3813.00
03/02/2021,3867.60,1613403,3903.25,3906.50,3865.50
03/01/2021,3898.80,1643144,3817.25,3912.00,3812.50
02/26/2021,3809.25,2891634,3823.25,3822.75,3790.00
02/25/2021,3828.00,2821972,3923.50,3842.25,3810.25
02/24/2021,3922.60,1894964,3876.25,3927.75,3884.50
02/23/2021,3877.90,2239559,3878.00,3896.00,3804.75
02/22/2021,3873.60,1476357,3905.50,3914.50,3861.25
02/19/2021,3903.00,1378608,3910.50,3931.00,3890.25
02/18/2021,3909.50,1504744,3928.25,3918.50,3906.00
02/17/2021,3928.00,1357524,3929.00,3930.00,3925.25
02/16/2021,3927.70,1422732,3930.00,3932.75,3923.50
02/12/2021,3931.00,993504,3905.25,3936.25,3921.75
02/11/2021,3911.90,1266421,3907.00,3920.50,3884.50
02/10/2021,3902.90,1530116,3912.25,3928.50,3878.25
02/09/2021,3905.50,862498,3910.50,3913.25,3895.00
02/08/2021,3908.10,938907,3889.00,3911.25,3885.50
02/05/2021,3880.25,1087184,3864.25,3888.25,3860.00
02/04/2021,3864.60,1108722,3832.75,3869.75,3811.25
02/03/2021,3823.60,1242954,3829.50,3843.50,3807.75
02/02/2021,3818.30,1383401,3764.75,3835.75,3760.00
02/01/2021,3765.70,1635392,3692.25,3777.00,3656.50
01/29/2021,3705.25,2617148,3770.25,3729.00,3695.50
01/28/2021,3779.30,2089046,3735.25,3823.50,3765.25
01/27/2021,3744.20,2504852,3845.25,3756.75,3706.50
01/26/2021,3842.60,1156033,3845.00,3862.25,3821.50
01/25/2021,3848.40,1725082,3835.50,3853.25,3788.50
01/22/2021,3834.25,1138551,3846.75,3849.00,3813.25
01/21/2021,3846.00,1029074,3841.50,3853.75,3842.25
01/20/2021,3845.00,1199672,3796.75,3852.50,3835.00
01/19/2021,3790.60,1262393,3750.00,3797.00,3740.50
01/15/2021,3762.25,1703437,3793.00,3797.75,3741.50
01/14/2021,3791.20,1132331,3808.50,3811.25,3786.25
01/13/2021,3803.80,1014664,3792.00,3813.50,3776.50
01/12/2021,3794.50,1197809,3794.25,3806.75,3768.00
01/11/2021,3792.00,1257782,3815.50,3820.75,3776.50
01/08/2021,3817.50,1546758,3797.75,3824.50,3775.00
01/07/2021,3795.60,1252993,3752.50,3804.00,3742.00
01/06/2021,3740.60,2072388,3717.50,3774.75,3685.50
01/05/2021,3718.20,1356426,3695.00,3730.00,3673.25
01/04/2021,3692.20,1972017,3748.75,3773.25,3652.50
12/31/2020,3748.75,917212,3725.00,3753.00,3715.00
12/30/2020,3724.20,738427,3724.50,3738.25,3716.50
12/29/2020,3719.90,972308,3731.00,3747.75,3714.50
12/28/2020,3727.50,731435,3682.00,3732.25,3676.00
12/24/2020,3695.00,355183,3685.25,3696.00,3678.50
12/23/2020,3681.50,993665,3674.25,3701.75,3651.00
12/22/2020,3677.30,1092854,3685.00,3695.00,3663.75
12/21/2020,3685.80,1792909,3718.25,3724.00,3596.00
12/18/2020,3706.25,1622016,3713.00,3723.00,3677.25
12/17/2020,3712.80,1207535,3697.00,3717.50,3692.00
12/16/2020,3693.70,1479619,3689.75,3704.50,3680.00
12/15/2020,3694.50,991712,3653.00,3695.75,3642.75
12/14/2020,3646.50,1453104,3677.75,3666.75,3642.75
12/11/2020,3661.25,1499354,3670.00,3665.50,3654.50
12/10/2020,3668.50,1572715,3669.50,3681.25,3644.00
12/09/2020,3672.50,1742045,3707.75,3714.75,3659.50
12/08/2020,3702.00,1087932,3682.75,3708.00,3664.25
12/07/2020,3690.80,1037878,3694.75,3705.00,3672.25
12/04/2020,3698.00,957691,3668.25,3700.00,3665.50
12/03/2020,3664.60,1087686,3671.00,3682.00,3655.25
12/02/2020,3667.30,1066094,3661.25,3672.75,3655.00
12/01/2020,3660.50,1326978,3631.00,3677.50,3626.00
11/30/2020,3623.20,1633572,3643.75,3652.00,3592.25
11/27/2020,3636.50,618389,3630.25,3642.75,3612.75
11/25/2020,3627.25,990421,3635.50,3655.00,3615.25
11/24/2020,3632.70,1247431,3576.00,3640.00,3628.25
11/23/2020,3576.00,1165672,3575.00,3584.50,3570.25
11/20/2020,3554.20,1139508,3560.00,3574.75,3542.75
11/19/2020,3580.00,1244683,3562.00,3582.75,3542.25
11/18/2020,3565.00,1279022,3604.50,3580.25,3556.50
11/17/2020,3606.80,1245189,3625.50,3630.00,3584.25
11/16/2020,3623.00,1265201,3587.00,3637.00,3586.50
11/13/2020,3582.00,1289213,3537.50,3590.00,3518.00
11/12/2020,3532.50,1657951,3574.50,3574.50,3513.00
11/11/2020,3568.00,1297823,3546.25,3576.75,3531.00
11/10/2020,3541.00,2129129,3549.50,3549.25,3533.25
11/09/2020,3544.00,2538917,3588.75,3622.75,3541.25
11/06/2020,3500.75,1559240,3508.75,3519.00,3456.75
11/05/2020,3504.75,1636962,3505.75,3514.25,3494.75
11/04/2020,3435.00,2752160,3362.75,3450.00,3431.50
11/03/2020,3361.50,1639393,3304.00,3381.25,3346.50
11/02/2020,3300.50,1811914,3260.00,3306.25,3272.00
10/30/2020,3264.75,2422522,3268.00,3296.25,3225.00
10/29/2020,3302.25,1925703,3279.00,3333.75,3250.25
10/28/2020,3263.50,2562615,3369.00,3298.00,3260.75
10/27/2020,3383.10,1536749,3394.25,3410.00,3368.25
10/26/2020,3393.50,1923121,3445.75,3446.25,3356.00
10/23/2020,3451.75,1181093,3455.75,3462.50,3431.50
10/22/2020,3449.25,1481742,3430.25,3453.00,3402.50
10/21/2020,3432.50,1655228,3437.00,3458.00,3420.50
10/20/2020,3432.25,1682779,3436.00,3469.75,3418.75
10/19/2020,3422.75,1613428,3471.00,3496.50,3410.75
10/16/2020,3462.25,1343826,3478.50,3508.50,3461.25
10/15/2020,3475.50,1622368,3479.25,3486.50,3431.50
10/14/2020,3481.00,1511979,3502.00,3524.00,3472.00
10/13/2020,3504.75,1594547,3534.00,3535.75,3491.50
10/12/2020,3532.75,1351577,3467.50,3541.00,3464.25
10/09/2020,3473.25,1149385,3447.25,3480.00,3445.25
10/08/2020,3437.50,1071099,3406.25,3447.25,3405.50
10/07/2020,3406.75,1362342,3338.00,3416.75,3332.25
10/06/2020,3353.25,997922,3392.00,3421.75,3380.25
10/05/2020,3393.00,1055258,3360.00,3400.00,3346.50
10/02/2020,3339.25,1982973,3367.00,3375.50,3300.25
10/01/2020,3367.75,1483279,3344.75,3388.00,3343.25
09/30/2020,3352.00,2107068,3330.00,3384.00,3291.25
09/29/2020,3333.75,1307023,3348.75,3363.00,3316.50
09/28/2020,3346.00,1471897,3291.00,3351.25,3287.50
09/25/2020,3287.25,1644925,3243.50,3296.25,3206.50
09/24/2020,3238.00,2245312,3228.00,3268.25,3198.00
09/23/2020,3231.25,1940379,3303.75,3319.75,3221.00
09/22/2020,3299.25,1541369,3271.50,3309.50,3256.50
09/21/2020,3275.00,2452727,3314.50,3326.25,3217.75
09/18/2020,3316.25,2296585,3345.00,3363.00,3280.75
09/17/2020,3351.00,2635623,3381.50,3386.50,3310.25
09/16/2020,3379.50,1769344,3395.75,3419.50,3373.75
09/15/2020,3405.25,859654,3379.50,3419.00,3376.00
09/14/2020,3382.50,1338325,3350.00,3402.75,3345.50
09/11/2020,3333.75,1831563,3345.25,3352.50,3322.25
09/10/2020,3340.50,2286952,3396.00,3349.75,3334.00
09/09/2020,3400.25,1963348,3315.25,3424.00,3295.50
09/08/2020,3335.50,2666308,3420.50,3447.00,3327.50
09/04/2020,3417.50,2926376,3454.75,3453.25,3383.25
09/03/2020,3461.50,2819348,3578.75,3586.50,3424.50
09/02/2020,3579.25,1787337,3529.00,3587.00,3526.25
09/01/2020,3527.00,1247767,3493.25,3530.00,3484.25
08/31/2020,3499.00,1372605,3508.50,3524.50,3490.00
08/28/2020,3504.40,1193271,3488.00,3509.50,3480.75
08/27/2020,3485.25,1617154,3479.50,3498.25,3464.75
08/26/2020,3480.25,1247358,3444.75,3483.50,3436.75
08/25/2020,3443.00,1120209,3427.00,3448.75,3421.75
08/24/2020,3427.50,1249079,3398.75,3429.50,3393.50
08/21/2020,3392.60,1178651,3383.50,3396.25,3356.75
08/20/2020,3380.75,1180306,3370.25,3387.00,3344.75
08/19/2020,3372.75,1340409,3388.75,3395.75,3365.50
08/18/2020,3387.00,997343,3379.25,3390.75,3365.25
08/17/2020,3379.75,733830,3366.00,3382.75,3364.75
08/14/2020,3361.40,1048857,3369.25,3380.50,3350.00
08/13/2020,3367.75,1181425,3367.75,3382.00,3357.50
08/12/2020,3370.00,1368322,3339.50,3382.50,3326.25
08/11/2020,3330.00,1711839,3350.25,3379.00,3319.50
08/10/2020,3352.75,1178925,3347.00,3357.25,3329.00
08/07/2020,3344.75,1578995,3343.75,3347.75,3322.25
08/06/2020,3344.25,1336643,3317.00,3345.50,3300.50
08/05/2020,3316.00,1085453,3300.75,3323.25,3292.00
08/04/2020,3300.00,1128759,3290.75,3300.50,3271.00
08/03/2020,3288.50,1227721,3272.00,3295.50,3254.75
07/31/2020,3263.50,2225251,3269.25,3273.75,3212.50
07/30/2020,3248.75,1979486,3256.75,3269.00,3195.00
07/29/2020,3252.50,1181427,3215.00,3257.00,3204.25
07/28/2020,3213.00,1358698,3235.00,3246.75,3208.00
07/27/2020,3232.25,1266911,3210.75,3235.00,3192.00
07/24/2020,3204.00,1731386,3230.00,3239.00,3191.50
07/23/2020,3227.50,1679932,3267.75,3284.50,3214.25
07/22/2020,3265.50,1319390,3249.25,3271.75,3227.25
07/21/2020,3251.30,1431427,3243.75,3273.25,3239.25
07/20/2020,3245.25,1370348,3214.50,3250.50,3190.25
07/17/2020,3213.90,1229991,3198.50,3225.25,3194.75
07/16/2020,3194.50,1446031,3223.25,3228.50,3188.50
07/15/2020,3219.50,1890635,3204.00,3233.25,3192.00
07/14/2020,3183.50,2224985,3159.75,3192.25,3156.50
07/13/2020,3148.25,2031793,3183.50,3226.25,3140.50
07/10/2020,3178.40,1386186,3142.25,3181.25,3111.50
07/09/2020,3141.00,1859891,3166.25,3170.75,3105.25
07/08/2020,3163.50,1491126,3135.25,3166.25,3125.50
07/07/2020,3136.50,1311822,3170.00,3184.00,3132.50
07/06/2020,3172.00,1228130,3121.25,3174.50,3121.25
07/02/2020,3129.00,1513180,3101.75,3156.50,3095.50
07/01/2020,3103.00,1501685,3085.25,3117.75,3062.75
06/30/2020,3090.25,1649201,3053.75,3101.25,3050.50
06/29/2020,3047.75,1551281,2986.25,3051.25,2983.50
06/26/2020,3007.00,2148233,3071.25,3082.00,2992.50
06/25/2020,3070.75,1934551,3046.75,3079.50,3005.00
06/24/2020,3049.00,2347038,3113.25,3128.50,3019.75
06/23/2020,3118.50,1511742,3111.75,3145.75,3060.00
06/22/2020,3110.75,1360003,3040.25,3114.25,3027.25
06/19/2020,3059.50,1905392,3096.75,3144.75,3056.75
06/18/2020,3098.00,1617572,3104.00,3120.00,3064.50
06/17/2020,3107.00,1829020,3111.75,3147.00,3094.50
06/16/2020,3128.75,1347558,3076.25,3167.75,3071.25
06/15/2020,3073.00,1895278,2992.75,3079.25,2935.00
06/12/2020,3034.80,2797954,3011.75,3087.75,2982.00
06/11/2020,3010.25,3475414,3183.75,3188.50,2996.25
06/10/2020,3186.00,1954912,3204.75,3227.25,3179.75
06/09/2020,3205.50,1662129,3227.75,3231.00,3190.00
06/08/2020,3227.50,1560976,3192.50,3231.25,3183.25
06/05/2020,3186.75,2350760,3113.25,3210.50,3106.50
06/04/2020,3110.50,1802216,3117.75,3126.75,3087.50
06/03/2020,3117.75,1577946,3078.00,3129.50,3074.25
06/02/2020,3077.00,1416184,3052.75,3079.00,3035.00
06/01/2020,3054.00,1251198,3029.75,3059.00,3008.00
05/29/2020,3042.00,2204524,3036.00,3058.25,2992.00
05/28/2020,3038.00,1856990,3035.00,3065.50,3019.50
05/27/2020,3035.50,2059989,2994.00,3039.50,2965.50
05/26/2020,2994.50,1747488,2989.50,3019.75,2947.50
05/22/2020,2953.00,1342513,2936.75,2957.50,2903.75
05/21/2020,2937.00,1582193,2972.25,2973.50,2933.00
05/20/2020,2968.50,1496717,2913.50,2975.75,2908.50
05/19/2020,2918.75,1533354,2945.00,2976.25,2914.25
05/18/2020,2948.00,1722804,2859.75,2964.75,2850.00
05/15/2020,2846.50,1841770,2846.25,2863.50,2809.50
05/14/2020,2847.00,2454797,2820.25,2853.75,2760.25
05/13/2020,2813.00,2521767,2839.75,2876.75,2786.00
05/12/2020,2852.50,1785787,2919.25,2939.25,2838.00
05/11/2020,2922.75,1491188,2920.75,2947.00,2889.75
05/08/2020,2928.40,1275467,2882.00,2933.00,2879.75
05/07/2020,2880.00,1466728,2832.00,2895.00,2823.00
05/06/2020,2833.50,1431340,2857.75,2886.25,2832.00
05/05/2020,2858.25,1449790,2827.00,2889.75,2824.50
05/04/2020,2825.25,1469784,2789.00,2835.75,2771.00
05/01/2020,2821.75,1587491,2871.50,2879.75,2811.75
04/30/2020,2902.50,1939076,2956.50,2965.00,2878.00
04/29/2020,2941.00,1681741,2870.50,2959.75,2860.75
04/28/2020,2867.25,1591194,2867.75,2913.50,2851.00
04/27/2020,2869.00,1186600,2829.00,2881.25,2812.75
04/24/2020,2829.50,1255957,2777.00,2835.00,2755.25
04/23/2020,2780.75,1683894,2790.50,2836.75,2772.75
04/22/2020,2788.50,1338142,2737.25,2808.00,2717.25
04/21/2020,2732.00,1924605,2807.00,2833.25,2717.25
04/20/2020,2806.50,1522197,2861.50,2875.50,2804.25
04/17/2020,2870.00,1832788,2863.00,2885.00,2821.00
04/16/2020,2787.50,1709246,2767.75,2831.50,2746.00
04/15/2020,2775.00,1777489,2843.75,2845.50,2751.25
04/14/2020,2843.00,1643171,2760.00,2846.00,2752.50
04/13/2020,2759.25,1535205,2811.00,2819.50,2711.00
04/09/2020,2779.75,2295056,2737.75,2809.50,2701.00
04/08/2020,2735.00,1864489,2640.50,2752.50,2620.75
04/07/2020,2642.00,2437762,2645.50,2750.00,2623.50
04/06/2020,2644.50,1936026,2485.00,2668.50,2484.75
04/03/2020,2482.75,1703883,2513.75,2529.50,2449.00
04/02/2020,2516.50,2084121,2459.00,2525.00,2424.75
04/01/2020,2448.00,1987930,2562.00,2562.25,2434.25
03/31/2020,2569.75,2134111,2613.25,2635.75,2555.75
03/30/2020,2611.25,1775000,2459.00,2621.75,2445.00
03/27/2020,2524.10,2155067,2627.75,2634.50,2505.25
03/26/2020,2608.00,2333319,2471.00,2625.75,2402.25
03/25/2020,2467.00,2928987,2442.75,2560.75,2386.00
03/24/2020,2438.00,2508033,2233.25,2447.75,2230.50
03/23/2020,2220.50,2989541,2220.25,2386.00,2174.00
03/20/2020,2288.50,2921764,2351.00,2499.00,2260.00
03/19/2020,2389.00,3066260,2402.50,2460.00,2275.00
03/18/2020,2414.00,907729,2478.50,2498.00,2274.75
03/17/2020,2495.50,1636050,2417.25,2554.50,2365.00
03/16/2020,2416.25,2266107,2673.75,2675.00,2360.25
03/13/2020,2695.90,3295273,2429.50,2707.75,2393.50
03/12/2020,2469.00,4258128,2738.00,2774.00,2442.50
03/11/2020,2740.25,2844605,2859.50,2869.50,2702.75
03/10/2020,2865.75,3294171,2733.00,2884.75,2695.25
03/09/2020,2747.75,2522613,2916.00,2916.00,2715.00
03/06/2020,2964.00,3010973,3024.25,3037.00,2898.00
03/05/2020,3015.50,2662857,3089.00,3103.50,2996.50
03/04/2020,3114.75,2473431,2988.25,3129.50,2976.50
03/03/2020,2997.00,3635857,3077.00,3137.00,2973.00
03/02/2020,3065.00,3553236,2900.00,3093.25,2889.25
02/28/2020,2951.10,5499126,2950.00,2996.00,2853.25
02/27/2020,2957.00,4635720,3043.75,3096.25,2944.50
02/26/2020,3110.25,3808610,3109.75,3115.00,3098.00
02/25/2020,3132.50,4254278,3153.50,3157.00,3117.25
02/24/2020,3226.25,3513751,3227.25,3253.25,3213.75
02/21/2020,3339.30,2232061,3367.00,3369.25,3328.00
02/20/2020,3369.25,2047116,3391.75,3397.50,3339.25
02/19/2020,3387.25,1115664,3372.00,3393.75,3370.75
02/18/2020,3369.25,1689328,3378.25,3392.50,3355.25
02/14/2020,3380.90,1280590,3379.50,3388.50,3365.25
02/13/2020,3377.50,1738296,3381.25,3384.75,3348.50
02/12/2020,3380.50,1191736,3360.50,3381.50,3355.50
02/11/2020,3357.50,1452567,3351.00,3374.50,3349.25
02/10/2020,3353.00,1347160,3322.25,3353.50,3303.50
02/07/2020,3325.50,1639289,3349.00,3350.00,3320.75
02/06/2020,3345.25,1433746,3337.00,3357.75,3332.50
02/05/2020,3335.00,1996035,3300.25,3338.00,3288.25
02/04/2020,3299.50,1653285,3244.25,3305.25,3236.00
02/03/2020,3245.50,1872747,3222.75,3267.25,3222.00
01/31/2020,3224.00,3058044,3292.00,3297.50,3212.75
01/30/2020,3289.75,2376254,3271.50,3295.25,3239.75
01/29/2020,3272.50,1623469,3281.75,3292.75,3265.25
01/28/2020,3278.25,1839918,3239.50,3285.00,3238.75
01/27/2020,3239.50,2513858,3269.75,3269.75,3233.00
01/24/2020,3293.50,2434497,3285.50,3299.75,3280.50
01/23/2020,3326.00,1665164,3317.25,3327.00,3301.25
01/22/2020,3319.75,1462859,3321.25,3337.50,3315.25
01/21/2020,3319.50,1488232,3325.50,3329.75,3307.25
01/17/2020,3324.90,1212577,3316.75,3330.25,3316.00
01/16/2020,3316.50,1300633,3294.25,3318.00,3294.00
01/15/2020,3293.75,1421121,3287.75,3299.00,3277.75
01/14/2020,3288.00,1641265,3289.25,3296.75,3275.25
01/13/2020,3289.75,961578,3265.75,3291.00,3265.50
01/10/2020,3264.70,1459638,3275.50,3287.00,3260.75
01/09/2020,3276.00,1228994,3272.75,3276.75,3270.25
01/08/2020,3260.25,2225898,3260.50,3262.50,3252.00
01/07/2020,3235.25,1229891,3243.50,3254.50,3226.00
01/06/2020,3243.50,1461895,3220.25,3249.50,3208.75
01/03/2020,3235.40,1684630,3261.00,3263.50,3206.75
01/02/2020,3259.00,1364509,3237.00,3261.75,3234.25
12/31/2019,3231.00,1106942,3223.25,3236.25,3213.00
12/30/2019,3223.50,1089803,3238.25,3244.25,3217.25
12/27/2019,3237.60,935286,3242.00,3254.00,3235.50
12/26/2019,3244.50,445120,3227.50,3244.75,3227.00
12/24/2019,3225.75,281241,3228.25,3231.25,3222.50
12/23/2019,3227.25,603086,3227.00,3234.25,3224.25
12/20/2019,3225.70,1224178,3213.50,3229.50,3208.50
12/19/2019,3211.75,1085015,3199.50,3213.75,3194.50
12/18/2019,3199.25,1149828,3192.50,3203.00,3192.00
12/17/2019,3192.00,989600,3192.50,3199.25,3187.75
12/16/2019,3194.25,1356056,3176.50,3198.75,3173.75
12/13/2019,3172.00,1793569,3175.75,3185.00,3156.75
12/12/2019,3168.00,2337750,3164.25,3174.00,3159.25
12/11/2019,3143.00,1190537,3140.50,3144.50,3138.25
12/10/2019,3136.00,1402111,3133.50,3143.00,3116.25
12/09/2019,3134.50,1106134,3146.50,3149.50,3131.25
12/06/2019,3146.10,1243697,3117.75,3151.00,3117.00
12/05/2019,3117.75,1283900,3111.00,3124.75,3103.25
12/04/2019,3111.00,1443730,3091.75,3119.50,3081.75
12/03/2019,3091.00,2101310,3114.25,3121.75,3069.50
12/02/2019,3114.25,1877336,3146.25,3158.00,3110.25
11/29/2019,3143.70,853213,3150.00,3155.00,3139.50
11/27/2019,3153.75,890391,3143.75,3155.00,3141.75
11/26/2019,3143.75,1035129,3131.25,3145.00,3128.00
11/25/2019,3132.75,880911,3119.00,3133.50,3116.50
11/22/2019,3111.60,951663,3104.00,3114.50,3097.75
11/21/2019,3104.00,1377808,3097.25,3114.50,3091.25
11/20/2019,3109.00,1633911,3116.50,3118.50,3090.75
11/19/2019,3118.50,1129974,3121.50,3132.50,3112.75
11/18/2019,3121.75,980006,3119.00,3127.75,3111.00
11/15/2019,3118.30,1185862,3097.00,3119.50,3095.75
11/14/2019,3097.00,1048429,3096.25,3099.75,3081.75
11/13/2019,3095.50,1217946,3088.25,3096.50,3085.50
11/12/2019,3092.00,1072803,3087.75,3102.00,3081.25
11/11/2019,3087.50,815130,3090.50,3092.25,3074.50
11/08/2019,3090.60,1034699,3086.25,3092.50,3072.50
11/07/2019,3086.00,1318312,3080.75,3087.00,3080.00
11/06/2019,3075.50,1050977,3072.00,3078.00,3071.00
11/05/2019,3072.00,1103444,3076.75,3085.75,3069.75
11/04/2019,3075.75,1123812,3064.75,3083.75,3064.75
11/01/2019,3063.20,1225064,3036.00,3065.00,3033.00
10/31/2019,3035.75,1698572,3051.75,3052.00,3020.25
10/30/2019,3047.75,1146837,3036.50,3055.00,3023.25
10/29/2019,3035.75,1010067,3038.25,3046.25,3029.50
10/28/2019,3036.25,1002330,3023.00,3042.75,3022.75
10/25/2019,3020.30,1065492,3020.25,3024.25,3016.75
10/24/2019,3004.25,1042131,3006.00,3015.25,2998.75
10/23/2019,3005.75,1033841,2992.00,3006.00,2982.00
10/22/2019,2994.50,1103176,3006.50,3014.25,2988.25
10/21/2019,3006.50,854575,2984.75,3007.50,2983.75
10/18/2019,2988.25,1267783,2997.75,3001.25,2975.00
10/17/2019,2998.00,1063033,2992.25,3008.00,2985.25
10/16/2019,2991.50,1101261,2996.50,2997.75,2984.75
10/15/2019,2997.75,1142465,2966.75,3003.25,2966.50
10/14/2019,2965.50,808326,2968.00,2982.50,2953.75
10/11/2019,2970.80,1667070,2949.00,2994.00,2941.75
10/10/2019,2941.00,1541356,2920.50,2954.00,2881.75
10/09/2019,2919.00,1264634,2922.75,2926.00,2915.25
10/08/2019,2892.50,1818707,2934.50,2950.00,2890.50
10/07/2019,2937.50,1230185,2941.75,2948.25,2935.00
10/04/2019,2951.00,1434236,2911.50,2953.25,2896.75
10/03/2019,2911.75,1966195,2883.75,2912.50,2855.00
10/02/2019,2880.50,2048393,2942.25,2949.00,2874.00
10/01/2019,2937.75,1567901,2984.00,2994.50,2937.00
09/30/2019,2978.50,1096698,2976.00,2986.25,2964.50
09/27/2019,2963.80,1610676,2979.75,2993.00,2946.25
09/26/2019,2980.50,1315615,2985.75,2995.00,2964.25
09/25/2019,2986.25,1460935,2971.00,2991.75,2953.75
09/24/2019,2970.25,1892313,3001.00,3012.25,2958.50
09/23/2019,2997.00,1015714,2995.75,3008.25,2982.00
09/20/2019,2989.50,1405299,3007.00,3018.00,2985.25
09/19/2019,3008.00,1304359,3010.00,3024.50,2991.25
09/18/2019,3008.50,1599315,3008.75,3013.75,2980.75
09/17/2019,3005.50,1069843,3001.75,3006.50,2991.50
09/16/2019,2999.00,1162581,2996.25,3002.75,2994.25
09/13/2019,3006.40,1239877,3010.00,3023.75,3003.50
09/12/2019,3011.75,1716865,3003.00,3021.75,3001.00
09/11/2019,3002.00,1363964,2979.00,3004.25,2972.00
09/10/2019,2978.50,1455349,2979.25,2985.00,2957.25
09/09/2019,2978.25,1162504,2980.25,2991.50,2969.50
09/06/2019,2980.80,1129267,2970.75,2988.25,2970.25
09/05/2019,2972.00,1612831,2938.00,2986.50,2936.50
09/04/2019,2938.50,1213004,2903.00,2939.50,2902.00
09/03/2019,2906.00,1939103,2899.00,2926.50,2889.00
08/30/2019,2924.75,1596921,2924.75,2929.25,2919.25
08/29/2019,2926.75,1443245,2883.25,2930.75,2875.25
08/28/2019,2889.80,1451129,2866.25,2890.50,2851.75
08/27/2019,2865.40,1496814,2882.75,2899.50,2860.00
08/26/2019,2883.30,1813161,2831.00,2888.50,2810.25
08/23/2019,2855.50,2736906,2920.25,2936.75,2834.00
08/22/2019,2922.25,1430044,2931.25,2939.75,2904.25
08/21/2019,2929.20,1135821,2893.25,2932.50,2893.00
08/20/2019,2898.20,1419468,2921.25,2932.25,2894.25
08/19/2019,2923.70,1251798,2893.00,2932.25,2892.50
08/16/2019,2891.50,1556941,2851.00,2894.75,2849.50
08/15/2019,2848.60,2464441,2836.00,2871.75,2817.75
08/14/2019,2840.75,2695447,2931.00,2936.50,2835.75
08/13/2019,2932.00,2134993,2882.25,2944.25,2866.75
08/12/2019,2880.25,1662604,2918.75,2931.00,2872.50
08/09/2019,2919.75,1966904,2928.00,2935.75,2899.00
08/08/2019,2940.10,1739791,2879.00,2940.75,2870.50
08/07/2019,2880.60,2595271,2873.75,2891.50,2823.25
08/06/2019,2876.00,2538504,2816.25,2883.75,2775.75
08/05/2019,2830.10,2968475,2929.25,2933.50,2820.50
08/02/2019,2932.50,2381215,2950.25,2961.00,2913.50
08/01/2019,2951.90,2689208,2970.25,3014.25,2944.50
07/31/2019,2982.30,1885052,3016.25,3020.75,2958.00
07/30/2019,3012.30,1155048,3022.25,3027.50,3001.50
07/29/2019,3021.80,801386,3022.00,3027.25,3015.50
07/26/2019,3024.50,922977,3006.50,3029.50,3006.00
07/25/2019,3006.50,1314705,3018.00,3027.75,2998.00
07/24/2019,3021.60,1023232,3003.00,3022.00,2996.00
07/23/2019,3008.00,1031139,2988.75,3008.50,2987.50
07/22/2019,2989.00,1058848,2974.50,2993.50,2972.50
07/19/2019,2977.00,1420597,3003.75,3009.75,2969.50
07/18/2019,2997.60,1307890,2980.75,3005.25,2974.50
07/17/2019,2985.00,1008356,3005.75,3013.00,2980.50
07/16/2019,3007.00,917087,3017.25,3021.75,3004.50
07/15/2019,3017.30,793037,3015.25,3023.50,3010.75
07/12/2019,3015.50,934769,3003.00,3018.00,3002.25
07/11/2019,3003.90,1149273,2996.00,3006.75,2992.50
07/10/2019,2997.40,1386352,2982.25,3007.50,2971.25
07/09/2019,2982.10,934675,2977.75,2986.25,2963.50
07/08/2019,2978.60,975590,2990.75,2994.75,2973.25
07/05/2019,2990.50,1283504,3002.75,3006.00,2971.25
07/03/2019,3000.25,23132,3000.75,3006.00,2997.75
07/02/2019,2979.60,1087254,2968.00,2980.00,2958.50
07/01/2019,2967.70,1402781,2970.00,2981.75,2955.50
06/28/2019,2944.25,1222222,2932.75,2955.25,2930.00
06/27/2019,2930.90,1012529,2914.75,2935.75,2914.75
06/26/2019,2917.90,1203752,2922.50,2939.00,2914.50
06/25/2019,2922.10,1387559,2951.00,2958.25,2920.00
06/24/2019,2952.00,881530,2948.00,2961.75,2947.25
06/21/2019,2950.50,1476245,2957.75,2969.25,2947.75
06/20/2019,2960.00,1821314,2930.75,2964.50,2930.50
06/19/2019,2933.40,1639495,2924.75,2936.75,2915.25
06/18/2019,2921.70,1047795,2893.50,2931.75,2884.50
06/17/2019,2891.90,1126227,2890.75,2900.75,2887.75
06/14/2019,2890.50,1208404,2893.75,2898.75,2880.50
06/13/2019,2894.40,1410042,2882.00,2896.50,2867.25
06/12/2019,2881.00,1168435,2887.25,2891.00,2875.25
06/11/2019,2886.90,1360646,2890.25,2911.50,2879.25
06/10/2019,2889.20,1375439,2893.25,2905.75,2880.50
06/07/2019,2875.00,1619986,2840.00,2886.25,2838.00
06/06/2019,2845.70,1545419,2820.50,2853.00,2812.75
06/05/2019,2827.70,1709976,2806.50,2829.50,2801.00
06/04/2019,2804.90,1800367,2754.00,2806.25,2744.00
06/03/2019,2749.60,2260898,2741.00,2763.75,2728.75
05/31/2019,2752.50,2131745,2788.75,2791.00,2750.00
05/30/2019,2790.40,1260640,2779.50,2799.00,2776.50
05/29/2019,2780.10,2031765,2804.25,2806.00,2766.25
05/28/2019,2805.10,1602738,2830.00,2841.25,2800.50
05/24/2019,2831.75,144972,2831.00,2839.25,2826.00
05/23/2019,2819.40,1973462,2857.75,2858.50,2805.75
05/22/2019,2857.40,1238316,2864.75,2869.50,2848.25
05/21/2019,2866.10,1257935,2848.00,2870.75,2846.25
05/20/2019,2843.90,1618360,2861.50,2876.50,2832.50
05/17/2019,2862.00,1882078,2879.75,2887.50,2852.50
05/16/2019,2878.60,1649462,2853.50,2894.00,2840.50
05/15/2019,2855.00,1688199,2840.75,2860.00,2815.00
05/14/2019,2839.20,1762318,2806.00,2853.75,2799.75
05/13/2019,2807.10,2706332,2858.50,2869.25,2802.00
05/10/2019,2887.00,2785919,2869.75,2893.00,2826.00
05/09/2019,2872.70,2655796,2884.00,2885.50,2836.25
05/08/2019,2887.20,2005048,2889.75,2899.50,2868.75
05/07/2019,2890.80,2735611,2911.75,2930.50,2862.50
05/06/2019,2932.40,1965905,2917.75,2938.25,2883.50
05/03/2019,2947.50,1241266,2918.50,2949.50,2916.50
05/02/2019,2917.60,1791842,2916.50,2932.75,2901.00
05/01/2019,2923.10,1453555,2955.00,2961.25,2916.00
04/30/2019,2948.50,1436306,2942.50,2956.50,2926.00
04/29/2019,2942.90,908231,2939.25,2951.50,2937.75
04/26/2019,2941.50,1204928,2923.75,2942.75,2917.25
04/25/2019,2926.30,1351714,2930.00,2935.75,2914.25
04/24/2019,2930.80,1063738,2937.25,2939.75,2927.75
04/23/2019,2938.10,1155865,2911.75,2939.75,2908.00
04/22/2019,2912.60,685433,2908.75,2915.75,2899.00
04/18/2019,2910.00,1293091,2901.00,2911.75,2889.50
04/17/2019,2900.50,1342749,2910.25,2923.50,2898.50
04/16/2019,2911.40,1097413,2910.25,2921.25,2904.50
04/15/2019,2909.50,921553,2912.00,2914.50,2900.50
04/12/2019,2912.50,1163251,2892.00,2914.75,2890.75
04/11/2019,2891.80,950972,2894.75,2900.00,2885.25
04/10/2019,2894.50,947051,2882.00,2896.00,2878.00
04/09/2019,2882.60,1164253,2898.50,2900.00,2877.25
04/08/2019,2898.25,958550,2896.25,2899.75,2884.25
04/05/2019,2896.00,1172559,2882.50,2898.00,2880.50
04/04/2019,2882.70,1031145,2880.75,2885.75,2871.00
04/03/2019,2879.80,1210038,2866.00,2889.25,2865.25
04/02/2019,2867.10,849784,2868.50,2873.75,2862.25
04/01/2019,2870.50,1217915,2844.50,2873.50,2844.50
03/29/2019,2837.75,1432136,2820.50,2840.75,2820.25
03/28/2019,2821.00,1169686,2807.00,2824.25,2795.00
03/27/2019,2810.50,1691641,2823.50,2831.75,2791.75
03/26/2019,2823.00,1432172,2808.50,2835.00,2806.00
03/25/2019,2807.00,1758589,2813.00,2818.50,2789.50
03/22/2019,2810.75,2191677,2859.50,2864.75,2805.25
03/21/2019,2862.60,1625642,2823.75,2866.00,2813.75
03/20/2019,2827.00,1644099,2837.25,2849.25,2817.25
03/19/2019,2836.50,1459034,2841.50,2858.75,2829.00
03/18/2019,2840.50,998377,2827.00,2842.00,2824.00
03/15/2019,2829.75,1342069,2813.50,2836.50,2812.50
03/14/2019,2812.30,1231571,2821.00,2825.00,2808.50
03/13/2019,2819.60,1592906,2797.75,2826.50,2788.25
03/12/2019,2792.10,935159,2784.75,2798.25,2780.50
03/11/2019,2784.00,1270035,2745.50,2787.50,2736.75
03/08/2019,2747.00,1359646,2749.00,2751.50,2722.00
03/07/2019,2750.00,1890655,2770.50,2776.25,2738.50
03/06/2019,2771.40,1471244,2786.50,2792.75,2768.50
03/05/2019,2791.50,1186343,2790.50,2799.00,2783.25
03/04/2019,2791.60,1743542,2814.00,2819.75,2767.50
03/01/2019,2805.00,1225267,2785.25,2808.25,2783.00
02/28/2019,2784.70,1300296,2795.25,2795.75,2781.75
02/27/2019,2795.10,1117837,2788.00,2797.25,2775.00
02/26/2019,2791.50,1171497,2795.75,2803.50,2783.25
02/25/2019,2797.10,1214030,2799.50,2814.00,2794.50
02/22/2019,2791.25,1145894,2773.50,2795.50,2770.50
02/21/2019,2774.20,1389548,2787.00,2798.00,2764.25
02/20/2019,2787.00,1241391,2777.75,2790.75,2773.25
02/19/2019,2778.70,1156206,2777.50,2787.50,2766.00
02/15/2019,2777.00,41966,2777.00,2782.50,2774.25
02/14/2019,2743.40,1643963,2749.25,2763.00,2730.25
02/13/2019,2749.60,1181694,2743.50,2762.00,2742.75
02/12/2019,2744.80,1264777,2707.00,2748.00,2705.50
02/11/2019,2708.30,1088954,2710.75,2721.50,2700.50
02/08/2019,2706.25,1518741,2702.00,2709.00,2680.75
02/07/2019,2704.10,1876609,2727.00,2729.25,2685.50
02/06/2019,2729.40,1144424,2730.75,2736.50,2722.25
02/05/2019,2731.10,1202186,2719.50,2737.75,2716.25
02/04/2019,2721.20,995667,2699.25,2725.00,2697.00
02/01/2019,2704.25,1411322,2707.75,2716.00,2695.50
01/31/2019,2704.50,1831477,2683.50,2713.00,2675.75
01/30/2019,2682.50,1508478,2648.50,2689.75,2636.25
01/29/2019,2640.30,1216534,2640.25,2650.00,2628.50
01/28/2019,2641.90,1368593,2660.00,2663.50,2622.25
01/25/2019,2663.50,1333954,2636.25,2672.50,2634.50
01/24/2019,2634.00,1247996,2635.00,2647.50,2626.00
01/23/2019,2638.30,1549383,2630.75,2653.75,2612.50
01/22/2019,2631.90,1844470,2658.75,2673.50,2616.50
01/18/2019,2671.50,159837,2669.25,2673.50,2655.75
01/17/2019,2635.20,1479772,2614.50,2645.50,2596.50
01/16/2019,2613.20,1274031,2605.75,2626.25,2602.50
01/15/2019,2605.40,1494266,2581.50,2613.75,2580.00
01/14/2019,2580.50,1164904,2588.50,2592.00,2567.25
01/11/2019,2595.00,1152538,2594.00,2597.75,2577.00
01/10/2019,2594.10,1485966,2580.00,2599.50,2560.50
01/09/2019,2582.60,1545615,2569.50,2596.75,2568.50
01/08/2019,2572.40,1622345,2553.25,2581.25,2547.50
01/07/2019,2550.60,1588817,2537.25,2567.50,2523.25
01/04/2019,2531.25,2274892,2451.75,2539.25,2438.50
01/03/2019,2447.70,2204484,2482.25,2493.50,2443.25
01/02/2019,2511.00,1915336,2508.00,2521.25,2452.25
12/31/2018,2505.25,1347509,2495.50,2513.00,2482.75
12/28/2018,2486.00,1943894,2491.50,2523.00,2472.75
12/27/2018,2494.90,2199475,2470.25,2498.75,2397.00
12/26/2018,2470.90,1926447,2348.50,2477.75,2316.75
12/24/2018,2341.75,1239632,2407.75,2434.50,2340.50
12/21/2018,2413.50,2915876,2485.00,2508.00,2409.25
12/20/2018,2486.20,3625398,2505.00,2518.00,2441.50
12/19/2018,2504.40,2807548,2532.00,2592.00,2489.50
12/18/2018,2535.80,1178916,2553.75,2574.75,2528.00
12/17/2018,2552.50,1552030,2594.00,2613.75,2530.50
12/14/2018,2602.00,1592105,2646.50,2648.75,2594.00
12/13/2018,2645.60,2007047,2653.00,2671.00,2637.25
12/12/2018,2652.50,1850606,2632.50,2686.50,2631.75
12/11/2018,2641.20,2233029,2644.00,2678.00,2621.25
12/10/2018,2643.00,2528426,2625.00,2648.50,2583.00
12/07/2018,2636.00,2508165,2694.25,2709.75,2623.25
12/06/2018,2691.10,3245782,2713.25,2714.00,2621.25
12/04/2018,2701.70,184485,2699.50,2720.75,2698.00
12/03/2018,2790.70,1842048,2793.50,2814.00,2773.50
11/30/2018,2758.25,1418344,2742.00,2764.75,2729.00
11/29/2018,2744.20,1468632,2738.00,2754.50,2723.25
11/28/2018,2741.50,1805261,2686.25,2745.00,2681.00
11/27/2018,2683.50,1466895,2661.00,2686.75,2655.25
11/26/2018,2669.90,1337376,2633.50,2676.25,2631.50
11/23/2018,2629.50,827480,2635.50,2656.25,2626.00
11/21/2018,2649.00,26506,2650.00,2656.25,2645.25
11/20/2018,2639.90,2498318,2696.25,2696.75,2631.75
11/19/2018,2696.30,1941981,2733.00,2748.00,2681.50
11/16/2018,2743.00,1816490,2731.75,2748.75,2708.75
11/15/2018,2734.50,2351759,2702.00,2736.75,2671.25
11/14/2018,2698.60,2236488,2731.25,2748.25,2686.25
11/13/2018,2727.60,2076087,2732.00,2755.75,2714.50
11/12/2018,2727.80,1884247,2778.75,2795.25,2722.25
11/09/2018,2779.00,1662766,2804.00,2811.25,2764.50
11/08/2018,2808.70,1291176,2815.75,2818.00,2795.00
11/07/2018,2816.40,1853834,2756.75,2817.75,2744.75
11/06/2018,2759.00,1239444,2739.00,2761.00,2729.75
11/05/2018,2739.60,1277939,2722.50,2743.75,2712.75
11/02/2018,2724.25,2302607,2724.00,2766.25,2699.50
11/01/2018,2738.10,1779694,2706.00,2741.25,2705.50
10/31/2018,2711.10,2373596,2690.75,2737.25,2682.00
10/30/2018,2685.30,2445536,2639.00,2690.25,2633.25
10/29/2018,2643.60,2720697,2667.00,2707.00,2603.00
10/26/2018,2669.50,3410150,2678.00,2692.75,2627.25
10/25/2018,2688.20,2479997,2673.75,2723.75,2658.75
10/24/2018,2664.30,2783685,2745.25,2750.00,2652.25
10/23/2018,2746.25,2780303,2755.75,2757.50,2692.25
10/22/2018,2756.50,1621903,2758.00,2782.00,2749.75
10/19/2018,2767.50,1950864,2774.75,2800.50,2762.25
10/18/2018,2772.20,2171262,2813.25,2814.75,2756.50
10/17/2018,2816.20,1887126,2816.25,2824.25,2783.25
10/16/2018,2817.80,1730133,2747.50,2819.00,2745.50
10/15/2018,2749.00,1714171,2770.00,2778.75,2745.25
10/12/2018,2768.50,2713901,2748.50,2785.00,2732.25
10/11/2018,2745.50,3929532,2776.50,2798.75,2712.25
10/10/2018,2781.00,3371169,2886.75,2891.25,2771.50
10/09/2018,2888.25,1733476,2892.25,2900.00,2874.50
10/08/2018,2893.75,1720589,2897.50,2898.25,2866.00
10/05/2018,2894.00,2245369,2910.00,2915.50,2873.25
10/04/2018,2907.70,2127092,2926.00,2926.25,2887.75
10/03/2018,2931.60,1225248,2929.00,2944.75,2924.75
10/02/2018,2928.50,1116193,2929.25,2936.00,2917.50
10/01/2018,2930.00,1211647,2922.50,2942.00,2922.50
09/28/2018,2919.00,1360541,2922.25,2925.50,2908.00
09/27/2018,2920.00,1177203,2911.50,2932.00,2907.50
09/26/2018,2911.50,1274595,2922.50,2936.00,2907.50
09/25/2018,2921.30,1014128,2926.50,2934.25,2918.25
09/24/2018,2925.50,1111755,2929.50,2930.25,2917.75
09/21/2018,2933.75,1421358,2939.50,2947.00,2932.00
09/20/2018,2939.40,1430318,2916.50,2940.75,2913.25
09/19/2018,2915.10,1347443,2913.00,2918.75,2905.75
09/18/2018,2906.50,960957,2890.50,2912.50,2878.50
09/17/2018,2891.00,1135552,2903.50,2906.25,2887.25
09/14/2018,2906.25,1171968,2904.75,2912.25,2896.75
09/13/2018,2905.30,1612993,2887.00,2907.00,2884.75
09/12/2018,2888.50,1548446,2890.00,2895.25,2879.50
09/11/2018,2889.75,1245406,2879.75,2893.00,2867.25
09/10/2018,2880.30,1220814,2873.75,2888.25,2873.25
09/07/2018,2874.75,1647915,2877.75,2885.00,2865.00
09/06/2018,2879.10,1596947,2888.50,2893.00,2868.00
09/05/2018,2888.30,1568197,2898.75,2900.50,2877.50
09/04/2018,2898.30,1578514,2907.75,2912.50,2885.50
08/31/2018,2902.00,122114,2906.50,2912.50,2902.50
08/30/2018,2902.00,1297025,2915.75,2916.25,2895.50
08/29/2018,2914.75,1070631,2900.50,2917.50,2897.50
08/28/2018,2899.30,886424,2899.00,2906.25,2894.25
08/27/2018,2898.40,927736,2877.75,2899.50,2876.75
08/24/2018,2876.75,989679,2858.25,2877.50,2856.25
08/23/2018,2858.00,1033934,2861.75,2869.75,2854.75
08/22/2018,2861.20,973986,2853.00,2868.25,2846.25
08/21/2018,2861.70,1029636,2856.75,2874.00,2852.00
08/20/2018,2858.60,787038,2851.75,2860.75,2850.25
08/17/2018,2852.25,1165395,2843.50,2857.00,2835.00
08/16/2018,2844.75,1244434,2822.25,2851.75,2817.50
08/15/2018,2821.20,1812133,2841.75,2843.00,2803.00
08/14/2018,2841.00,1006447,2826.75,2843.50,2825.75
08/13/2018,2825.50,1261360,2835.75,2843.75,2820.00
08/10/2018,2836.75,1360261,2852.50,2852.75,2826.00
08/09/2018,2853.75,686671,2853.50,2862.75,2850.50
08/08/2018,2855.25,719280,2860.50,2862.50,2852.50
08/07/2018,2859.75,760607,2849.25,2863.75,2848.25
08/06/2018,2850.10,772342,2841.50,2853.50,2835.00
08/03/2018,2839.50,873248,2830.75,2841.50,2824.75
08/02/2018,2828.40,1209107,2814.00,2831.25,2791.00
08/01/2018,2810.75,1072528,2824.25,2825.75,2805.50
07/31/2018,2817.00,1304639,2805.50,2827.75,2802.75
07/30/2018,2803.20,1152426,2816.00,2821.75,2798.25
07/27/2018,2817.50,1455009,2840.25,2847.00,2808.75
07/26/2018,2842.50,1010052,2835.25,2846.50,2833.25
07/25/2018,2841.30,1271726,2819.25,2849.50,2814.00
07/24/2018,2821.00,1317981,2810.50,2831.25,2810.25
07/23/2018,2812.00,802099,2805.25,2812.50,2792.50
07/20/2018,2800.75,979263,2805.50,2810.50,2793.00
07/19/2018,2805.25,1056723,2814.50,2818.00,2800.25
07/18/2018,2816.00,834134,2813.00,2818.25,2806.75
07/17/2018,2811.25,1021295,2795.75,2815.75,2789.75
07/16/2018,2796.50,776104,2804.75,2809.00,2795.00
07/13/2018,2803.25,901791,2798.50,2807.25,2793.25
07/12/2018,2798.50,1098628,2776.75,2801.00,2773.75
07/11/2018,2774.10,1331211,2780.75,2787.75,2765.75
07/10/2018,2796.70,903305,2787.50,2797.75,2780.50
07/09/2018,2787.50,942480,2762.00,2788.00,2761.75
07/06/2018,2763.00,1229285,2737.00,2766.25,2731.25
07/05/2018,2738.50,1140362,2722.00,2739.75,2710.75
07/03/2018,2713.25,29108,2713.00,2720.00,2710.75
07/02/2018,2727.25,1184392,2721.00,2728.50,2698.50
06/29/2018,2721.50,1557893,2720.00,2745.50,2716.75
06/28/2018,2719.50,1660683,2705.00,2726.25,2693.25
06/27/2018,2704.90,2069866,2726.50,2748.00,2701.00
06/26/2018,2728.50,1370552,2721.75,2735.25,2714.75
06/25/2018,2722.30,2149593,2757.00,2758.00,2700.50
06/22/2018,2759.50,1073623,2750.50,2768.50,2749.25
06/21/2018,2752.50,1457299,2771.75,2785.25,2747.00
06/20/2018,2772.00,1034737,2765.25,2778.25,2757.25
06/19/2018,2766.25,1583103,2778.25,2780.25,2735.75
06/18/2018,2779.75,970070,2780.00,2786.75,2761.25
06/15/2018,2784.50,1475397,2787.00,2788.50,2765.50
06/14/2018,2788.50,1251575,2777.75,2794.00,2772.25
06/13/2018,2779.00,1371929,2792.00,2796.00,2778.50
06/12/2018,2783.90,945655,2781.25,2789.75,2778.50
06/11/2018,2783.00,1179868,2771.00,2790.50,2770.50
06/08/2018,2778.75,1291932,2771.00,2779.75,2752.00
06/07/2018,2772.20,1744712,2773.25,2779.75,2760.00
06/06/2018,2772.20,1296474,2751.00,2774.75,2748.00
06/05/2018,2751.50,972203,2746.00,2753.25,2739.00
06/04/2018,2745.50,826178,2731.00,2749.25,2729.00
06/01/2018,2733.75,1164165,2707.50,2737.00,2706.00
05/31/2018,2705.50,1616744,2720.25,2728.25,2699.75
05/30/2018,2724.50,1387545,2693.25,2729.25,2685.75
05/29/2018,2692.20,1919923,2721.25,2731.75,2675.00
05/25/2018,2718.25,98665,2729.00,2731.75,2718.25
05/24/2018,2727.50,1226076,2729.75,2733.25,2705.75
05/23/2018,2730.75,1264269,2724.50,2733.00,2704.50
05/22/2018,2726.10,859759,2731.25,2741.75,2721.50
05/21/2018,2733.10,911242,2728.75,2739.25,2724.25
05/18/2018,2713.00,985659,2718.75,2727.00,2708.75
05/17/2018,2718.75,1043897,2721.75,2732.00,2711.00
05/16/2018,2723.00,1033300,2711.25,2728.00,2704.50
05/15/2018,2709.00,1486522,2728.50,2731.25,2700.50
05/14/2018,2731.00,924062,2727.25,2741.25,2724.25
05/11/2018,2729.50,1027300,2716.25,2732.50,2716.25
05/10/2018,2718.75,1149345,2696.00,2725.00,2692.75
05/09/2018,2696.00,1219066,2669.75,2700.00,2666.50
05/08/2018,2670.30,1242956,2668.00,2674.25,2652.25
05/07/2018,2670.00,1106056,2662.75,2681.50,2661.25
05/04/2018,2663.00,1627248,2631.75,2669.50,2612.25
05/03/2018,2631.80,2085915,2626.75,2636.25,2591.25
05/02/2018,2627.50,1368993,2655.50,2658.50,2624.25
05/01/2018,2652.25,1294588,2646.25,2658.00,2623.25