Date,Open,High,Low,Close,Adj Close,Volume
28-Apr-23,4151.75,4193.75,4131.75,4188.5,4188.5,867059
27-Apr-23,4085.5,4168,4080.75,4153.75,4153.75,867059
26-Apr-23,4110.75,4118,4066,4076,4076,1142361
25-Apr-23,4156.75,4158.25,4090.5,4093.25,4093.25,982508
24-Apr-23,4150.25,4165,4133.25,4159.5,4159.5,816228
21-Apr-23,4153.75,4161,4135.25,4156.75,4156.75,916521
20-Apr-23,4173.25,4173.5,4136.75,4152.5,4152.5,952818
19-Apr-23,4176.5,4187.5,4150.75,4178.5,4178.5,803932
18-Apr-23,4176.75,4198.25,4164.5,4180,4180,877748
17-Apr-23,4174,4180.5,4147.75,4176.75,4176.75,832732
14-Apr-23,4169.5,4189.25,4138,4163.75,4163.75,1155628
13-Apr-23,4118,4177,4110.25,4172.75,4172.75,824166
12-Apr-23,4137.5,4177.75,4113.5,4119,4119,1107157
11-Apr-23,4138.5,4151.75,4128.75,4136.5,4136.5,704860
10-Apr-23,4139,4143,4098.75,4136.25,4136.25,727461
6-Apr-23,4114.5,4135.25,4096.25,4132,4132,68211
5-Apr-23,4133.25,4135.75,4099,4117.25,4117.25,880310
4-Apr-23,4152.75,4171.75,4115.25,4129,4129,992255
3-Apr-23,4127.25,4157.75,4122,4153.75,4153.75,827677
31-Mar-23,4081.75,4142.5,4078,4137.75,4137.75,877764
30-Mar-23,4058,4087.75,4052.5,4080,4080,862962
29-Mar-23,4006.25,4061.5,4006,4057.5,4057.5,825817
28-Mar-23,4014.25,4024,3980.75,4001.5,4001.5,829837
27-Mar-23,4008,4034.5,3997.5,4007.25,4007.25,961869
24-Mar-23,3988,4011,3937,4001.25,4001.25,1342728
23-Mar-23,3972,4039.5,3948.5,3978,3978,1473848
22-Mar-23,4038.5,4074,3966,3970.5,3970.5,1109519
21-Mar-23,3986,4043.5,3981.75,4035.75,4035.75,901843
20-Mar-23,3963.25,3989.25,3897,3983,3983,1344261
17-Mar-23,3961,3976,3922.75,3957.05,3957.05,1293523
16-Mar-23,3892.75,3966.5,3863,3960.5,3960.5,161305
15-Mar-23,3920,3931.25,3833.5,3892.75,3892.75,299348
14-Mar-23,3865.75,3938.25,3855,3920.5,3920.5,303023
13-Mar-23,3885,3938.5,3808.75,3856.75,3856.75,1020831
10-Mar-23,3919.5,3942,3846.25,3862.75,3862.75,1958961
9-Mar-23,3997.75,4019.75,3909.25,3920,3920,1501340
8-Mar-23,3989.75,4003.5,3970.75,3995,3995,1115449
7-Mar-23,4052.25,4064.5,3982.5,3989.75,3989.75,1142485
6-Mar-23,4049.5,4082.5,4041.75,4052.5,4052.5,993029
3-Mar-23,3983.5,4053.75,3974,4049.75,4049.75,993285
2-Mar-23,3960.75,3995.25,3924.5,3984.75,3984.75,1232501
1-Mar-23,3969.5,3991,3943,3956.5,3956.5,1264094
28-Feb-23,3992,4004,3965,3975.5,3975.5,1063486
27-Feb-23,3975.75,4024.5,3973,3988,3988,1087848
24-Feb-23,4016.5,4023.25,3947.25,3975.75,3975.75,1164020
23-Feb-23,4009,4034.5,3974.25,4018.75,4018.75,1161651
22-Feb-23,4007.5,4026.5,3983.5,3999,3999,1227850
21-Feb-23,4083.25,4089.5,4002.25,4005.75,4005.75,1134998
17-Feb-23,4094.75,4096.5,4055.5,4087.5,4087.5,1214617
16-Feb-23,4159,4168.75,4094.75,4099.75,4099.75,1210689
15-Feb-23,4141.75,4161.75,4113,4158.25,4158.25,1103282
14-Feb-23,4149,4186.5,4103.75,4145.5,4145.5,1553479
13-Feb-23,4105,4150.75,4078.75,4147.25,4147.25,778496
10-Feb-23,4097.75,4104.25,4060.5,4099.75,4099.75,1150173
9-Feb-23,4132.25,4170.5,4078.5,4091.75,4091.75,1195398
8-Feb-23,4166.75,4179.5,4121.25,4130.5,4130.5,1078550
7-Feb-23,4123.25,4188,4098.25,4175.75,4175.75,1433457
6-Feb-23,4135.5,4143,4104,4123.5,4123.5,1114776
3-Feb-23,4175.25,4194,4132.5,4147.75,4147.75,1552686
2-Feb-23,4145,4208.5,4136.75,4191.5,4191.5,1553276
1-Feb-23,4085.25,4163.25,4048.5,4132.25,4132.25,1378527
31-Jan-23,4038.25,4091.25,4007.5,4090,4090,1194127
30-Jan-23,4077.75,4085.75,4029.5,4032.5,4032.5,1461206
27-Jan-23,4066.25,4109.25,4055,4084.25,4084.25,1226201
26-Jan-23,4030.5,4077,4027.5,4075.5,4075.5,1360344
25-Jan-23,4039,4040,3963.25,4032,4032,1448351
24-Jan-23,4035.75,4047.25,4005.25,4032.75,4032.75,1258632
23-Jan-23,3987.25,4056.5,3980.25,4036.5,4036.5,1210789
20-Jan-23,3924.25,3990.25,3911.75,3988.5,3988.5,1203293
19-Jan-23,3945.75,3948.75,3901.75,3915.5,3915.5,1490087
18-Jan-23,4008.75,4033.75,3943.75,3945.75,3945.75,1444193
17-Jan-23,4019.5,4035.25,3996.75,4009.5,4009.5,1238268
16-Jan-23,4019.5,4028.5,3996.75,4010,4010,1051309
13-Jan-23,4003,4024.25,3961.5,4018.25,4018.25,1051309
12-Jan-23,3992,4021.75,3953.75,4003.5,4003.5,1680724
11-Jan-23,3941.25,3992.25,3934.5,3990,3990,1023441
10-Jan-23,3913.25,3943.75,3891.5,3940.75,3940.75,1314683
9-Jan-23,3917.25,3973.25,3909.75,3913.75,3913.75,1253733
6-Jan-23,3833.25,3928.75,3802,3915.5,3915.5,1469517
5-Jan-23,3871,3885.5,3822.25,3829,3829,1298712
4-Jan-23,3844,3896.5,3836.5,3874.5,3874.5,1386997
3-Jan-23,3885.75,3907.25,3814.25,3846,3846,1314699
30-Dec-22,3869.75,3870.75,3821.5,3861,3861,937282
29-Dec-22,3810.5,3882.75,3806.25,3871.75,3871.75,763578
28-Dec-22,3857.25,3875,3804.5,3807.5,3807.5,1014540
27-Dec-22,3878,3900.75,3837.25,3855,3855,854326
23-Dec-22,3849.75,3872.5,3821.25,3869.75,3869.75,1064229
22-Dec-22,3914,3919.75,3788.25,3849.25,3849.25,1238805
21-Dec-22,3855.25,3918.75,3855.25,3905.75,3905.75,1251789
20-Dec-22,3843.5,3866.5,3803.5,3849.25,3849.25,1372355
19-Dec-22,3873.5,3899,3827.25,3845.5,3845.5,1217275
16-Dec-22,3890,3904.75,3842,3871.47,3871.47,1276282
15-Dec-22,4006.25,4010.25,3878.5,3897,3897,205066
14-Dec-22,4020,4062,3965.25,3998,3998,240964
13-Dec-22,3987.5,4148,3985,4022.25,4022.25,466356
12-Dec-22,3933,3994.75,3924.5,3991.75,3991.75,340054
9-Dec-22,3964.5,3990,3925,3936.25,3936.25,890679
8-Dec-22,3935,3977.25,3916,3965.75,3965.75,1326162
7-Dec-22,3944,3961.5,3914,3936.75,3936.75,1313675
6-Dec-22,4006.25,4014.75,3921.5,3945,3945,1302364
5-Dec-22,4073,4075.5,3987.5,4003.25,4003.25,1087179
2-Dec-22,4077.5,4085.75,4006.75,4075.5,4075.5,1283141
1-Dec-22,4093.5,4110,4054.25,4081.75,4081.75,1256318
30-Nov-22,3962,4093.5,3942.75,4081.25,4081.25,1339151
29-Nov-22,3972,3990.75,3941.5,3962,3962,1171139
28-Nov-22,4021.25,4023.5,3960.25,3970.25,3970.25,985460
25-Nov-22,4038.75,4049.25,4024.75,4032.5,4032.5,353379
23-Nov-22,4010,4039.5,4001.5,4033,4033,919169
22-Nov-22,3958.5,4013,3945.25,4010.25,4010.25,885864
21-Nov-22,3972.25,3982,3939.75,3958,3958,982652
18-Nov-22,3961,3995,3942.5,3974,3974,1305174
17-Nov-22,3977.5,3990.5,3912.5,3955.25,3955.25,1148349
16-Nov-22,3994.25,4016,3962,3968.5,3968.5,1136638
15-Nov-22,3975,4051,3960,3999.5,3999.5,1872579
14-Nov-22,3984.75,4017.5,3964.25,3966,3966,1145138
11-Nov-22,3972.75,4009.75,3948,4000.25,4000.25,1470248
10-Nov-22,3756.5,3973.5,3750,3961,3961,1695239
9-Nov-22,3830.25,3848.75,3750,3755.5,3755.5,1545006
8-Nov-22,3812.75,3867,3792.75,3835.25,3835.25,1425892
7-Nov-22,3755.25,3821.75,3738.25,3815.25,3815.25,1252534
4-Nov-22,3725,3805.75,3709.75,3779.5,3779.5,2054562
3-Nov-22,3767.25,3782.5,3704.25,3727.75,3727.75,1556532
2-Nov-22,3862,3907.25,3760.25,3768.75,3768.75,1413500
1-Nov-22,3883,3927.75,3852.5,3866,3866,1461393
31-Oct-22,3911.75,3914.75,3872.5,3883,3883,1310909
28-Oct-22,3796,3924.25,3776.75,3911.25,3911.25,1335826
27-Oct-22,3845,3870.75,3757.25,3819.5,3819.5,1759601
26-Oct-22,3843.25,3897.5,3824,3841,3841,1681031
25-Oct-22,3803.75,3874.25,3790,3870.25,3870.25,1477922
24-Oct-22,3771,3822,3736.75,3809.25,3809.25,1622370
21-Oct-22,3676.5,3774.5,3641.25,3764,3764,1919929
20-Oct-22,3708.25,3747.75,3665.75,3675.25,3675.25,1806578
19-Oct-22,3759.25,3774.25,3677,3707.25,3707.25,1625084
18-Oct-22,3702.25,3777.25,3697.25,3732.75,3732.75,2002737
17-Oct-22,3591.25,3702.5,3588.5,3689.25,3689.25,1353247
14-Oct-22,3680.25,3734,3591.25,3597.5,3597.5,1820032
13-Oct-22,3595,3697.75,3502,3681.75,3681.75,1924222
12-Oct-22,3607.75,3635.5,3585.25,3588.5,3588.5,1471904
11-Oct-22,3625.25,3653.25,3579,3599.25,3599.25,1625444
10-Oct-22,3638.75,3667.75,3598.75,3625.25,3625.25,1440236
7-Oct-22,3745.5,3776,3632.25,3653.25,3653.25,1363836
6-Oct-22,3795.5,3819.5,3749.75,3756.75,3756.75,1524068
5-Oct-22,3801.5,3820,3734.25,3794,3794,1274191
4-Oct-22,3695,3809,3686.25,3803.25,3803.25,1479065
3-Oct-22,3595.5,3711.5,3571,3690.25,3690.25,1436684
30-Sep-22,3656.75,3693.5,3595.5,3601.5,3601.5,1779266
29-Sep-22,3730.5,3736.25,3622.25,3654.25,3654.25,1771818
28-Sep-22,3666.75,3751.25,3613.5,3732,3732,1834646
27-Sep-22,3667.75,3732.25,3635.25,3661,3661,2078536
26-Sep-22,3704.75,3730.5,3657.5,3670,3670,2106309
23-Sep-22,3776.5,3783.75,3660.25,3709,3709,1679789
22-Sep-22,3794.25,3833,3763.25,3772,3772,1715831
21-Sep-22,3878.75,3925,3791.75,3806.25,3806.25,1603255
20-Sep-22,3923,3936.25,3843.25,3872.75,3872.75,1760205
19-Sep-22,3892,3927,3845.75,3917.25,3917.25,1589529
16-Sep-22,3890,3890,3845.75,3871.24,3871.24,1698060
15-Sep-22,3955.5,3959.75,3887.5,3902,3902,232882
14-Sep-22,3939,3962.75,3911.25,3947.5,3947.5,279796
13-Sep-22,4118.5,4162,3919.75,3931.25,3931.25,408701
12-Sep-22,4076.25,4119.5,4062.25,4110.75,4110.75,469325
9-Sep-22,4010.25,4077,4005.75,4067.25,4067.25,685778
8-Sep-22,3979.25,4011.5,3942.5,4005.5,4005.5,1549342
7-Sep-22,3908.5,3988.75,3883.5,3980,3980,1196763
6-Sep-22,3929.25,3962.5,3886.5,3910.5,3910.5,1520018
2-Sep-22,3968,4019.25,3906,3924.5,3924.5,1498278
1-Sep-22,3958.25,3971.25,3903.25,3968.75,3968.75,1360135
31-Aug-22,3987.75,4018.5,3953,3956.5,3956.5,1342949
30-Aug-22,4035.75,4072.75,3964.5,3987.5,3987.5,1399280
29-Aug-22,4024.5,4064,4006.25,4031.25,4031.25,1266462
26-Aug-22,4196.75,4217,4043,4059.5,4059.5,1292734
25-Aug-22,4149.25,4202.75,4143,4201,4201,954051
24-Aug-22,4129,4158.5,4110.5,4142.75,4142.75,886146
23-Aug-22,4146.75,4162,4118,4130.5,4130.5,1097866
22-Aug-22,4221.25,4222.5,4131.5,4141.25,4141.25,993636
19-Aug-22,4287.5,4288.25,4220.75,4231.5,4231.5,1074101
18-Aug-22,4279.5,4295.5,4258.25,4286.5,4286.5,927144
17-Aug-22,4308.75,4315,4255,4276.75,4276.75,1157054
16-Aug-22,4294.75,4327.5,4278.75,4307.75,4307.75,1065379
15-Aug-22,4277,4304.5,4249,4298.25,4298.25,830801
12-Aug-22,4219,4282.75,4208.25,4281,4281,842496
11-Aug-22,4211,4260.5,4202.75,4209.75,4209.75,1252298
10-Aug-22,4129,4213.75,4113.75,4210,4210,1156072
9-Aug-22,4149.5,4155.5,4113,4124.5,4124.5,1005644
8-Aug-22,4149,4188,4129.5,4141.75,4141.75,1234063
5-Aug-22,4152,4166.25,4103.5,4146.75,4146.75,1225771
4-Aug-22,4151.5,4173.25,4136,4152.25,4152.25,1079448
3-Aug-22,4097.75,4170,4084.25,4156.25,4156.25,1221384
2-Aug-22,4120,4142.75,4080.5,4093.75,4093.75,1340247
1-Aug-22,4136.25,4147.25,4097,4120.5,4120.5,1485641
29-Jul-22,4105,4144,4081,4133.5,4133.5,1291377
28-Jul-22,4021,4111,3994.5,4073.5,4073.5,1418436
27-Jul-22,3939.75,4042.75,3939.25,4024.5,4024.5,1156622
26-Jul-22,3959.25,3964.5,3913.25,3923.25,3923.25,1198470
25-Jul-22,3967.25,3988.75,3946.25,3970,3970,1228338
22-Jul-22,3989.25,4016.25,3941.5,3965,3965,1524669
21-Jul-22,3954,4004.75,3930.25,4001.25,4001.25,1513023
20-Jul-22,3946.75,3977.5,3922.5,3962.5,3962.5,1403855
19-Jul-22,3839.25,3948,3834.25,3937.5,3937.5,1223667
18-Jul-22,3878.5,3909.5,3820,3833.75,3833.75,1149703
15-Jul-22,3796,3868.5,3780.5,3865,3865,1011922
14-Jul-22,3796.25,3806,3723.75,3793.25,3793.25,1392750
13-Jul-22,3824,3869.25,3752,3804.5,3804.5,1553023
12-Jul-22,3862,3876.5,3804.5,3823.75,3823.75,1165892
11-Jul-22,3900.25,3901,3849.75,3856.75,3856.75,1059811
8-Jul-22,3896,3922,3868,3901.25,3901.25,1030695
7-Jul-22,3854.75,3914.25,3832.5,3905,3905,884871
6-Jul-22,3837.5,3875,3808.75,3848.25,3848.25,1290253
5-Jul-22,3828.25,3857.25,3743.75,3834,3834,1464455
1-Jul-22,3781.5,3833.25,3744.5,3827.25,3827.25,1324196
30-Jun-22,3823.25,3824.25,3741,3789.5,3789.5,1575573
29-Jun-22,3828,3840.75,3801.25,3821.25,3821.25,1242552
28-Jun-22,3910.25,3950.75,3821.5,3825.5,3825.5,1170004
27-Jun-22,3915.5,3948,3892.5,3903.75,3903.75,1091308
24-Jun-22,3785,3919.5,3781.25,3916.25,3916.25,824387
23-Jun-22,3762,3806,3735,3799.75,3799.75,1190341
22-Jun-22,3769,3805.5,3693.25,3762.75,3762.75,1381033
21-Jun-22,3683.75,3783.75,3662,3767.75,3767.75,1269326
20-Jun-22,3683.75,3724.75,3662,3717.5,3717.5,1379654
17-Jun-22,3678,3710.5,3663.76,3663.76,3663.76,1379654
16-Jun-22,3794,3828.75,3638.75,3668.25,3668.25,229494
15-Jun-22,3738.5,3838.75,3720,3789.25,3789.25,290291
14-Jun-22,3757.75,3805,3705.25,3736.75,3736.75,420383
13-Jun-22,3881.25,3881.25,3732.5,3750.5,3750.5,668026
10-Jun-22,4024.25,4029.25,3895,3899,3899,875521
9-Jun-22,4118.25,4144,4014.75,4016.25,4016.25,1474935
8-Jun-22,4151.5,4159.75,4105,4114,4114,1131305
7-Jun-22,4121.25,4164.25,4075.75,4158.75,4158.75,1129287
6-Jun-22,4110.25,4168.25,4104.25,4120.5,4120.5,1246879
3-Jun-22,4177.5,4189,4096.75,4107,4107,1402510
2-Jun-22,4098.5,4179,4072,4175.25,4175.25,1328925
1-Jun-22,4137.75,4165,4071.5,4099,4099,1479184
31-May-22,4164.75,4202.25,4102.75,4131.25,4131.25,1831661
27-May-22,4049,4168.25,4041.5,4155.75,4155.75,1076808
26-May-22,3970.25,4073.25,3960.5,4055.75,4055.75,1083427
25-May-22,3949.5,3997.75,3913.5,3976.75,3976.75,1467047
24-May-22,3958,3958.5,3871.75,3940.5,3940.5,1563658
23-May-22,3909.5,3982.5,3906.25,3971.75,3971.75,1501451
20-May-22,3900,3949.5,3807.5,3899.5,3899.5,1747752
19-May-22,3916,3943.75,3856,3897.75,3897.75,1789892
18-May-22,4090.5,4095,3905.5,3922.75,3922.75,1383368
17-May-22,4001,4091.75,4000.25,4084.75,4084.75,1168820
16-May-22,4025.5,4043.5,3979.25,4004.75,4004.75,1388950
13-May-22,3914,4036,3914,4019.75,4019.75,1274359
12-May-22,3941.75,3961.75,3855,3927.25,3927.25,2033429
11-May-22,3991,4050.5,3923.75,3930.25,3930.25,1865448
10-May-22,3993.25,4065.5,3952.5,3996.75,3996.75,1991503
9-May-22,4087.5,4098.75,3970.25,3987.5,3987.5,1624396
6-May-22,4149.75,4153.25,4062,4119.5,4119.5,2049886
5-May-22,4289.25,4300.75,4099.25,4143.25,4143.25,2042545
4-May-22,4171.75,4303,4142.75,4295.25,4295.25,1059342
3-May-22,4146.25,4195.5,4128,4169.25,4169.25,1206625
2-May-22,4143.75,4165.75,4056,4151,4151,1664489
29-Apr-22,4247,4279.75,4118.75,4127.5,4127.5,1224997
28-Apr-22,4213.5,4303.5,4182.5,4283.5,4283.5,1289327
27-Apr-22,4147.25,4236.25,4147.25,4180.25,4180.25,1706391
26-Apr-22,4293.5,4303.75,4136.5,4170.5,4170.5,1416096
25-Apr-22,4258.25,4296.5,4195.25,4292.75,4292.75,1633347
22-Apr-22,4386,4393.25,4247.75,4267.25,4267.25,1400874
21-Apr-22,4468.75,4509,4380,4390.5,4390.5,1278120
20-Apr-22,4441.25,4484.25,4432.75,4455.5,4455.5,1154508
19-Apr-22,4399.25,4467.5,4371.5,4459.25,4459.25,1031517
18-Apr-22,4391.5,4406.25,4355.5,4386.75,4386.75,874146
14-Apr-22,4438.75,4455.75,4384.75,4387.5,4387.5,901574
13-Apr-22,4397,4449.5,4384,4442.25,4442.25,983278
12-Apr-22,4410.5,4466.75,4375.5,4393,4393,1224971
11-Apr-22,4487.25,4491.25,4403.5,4409,4409,1000853
8-Apr-22,4495,4519.75,4468.75,4483.5,4483.5,1047945
7-Apr-22,4471.5,4516.5,4444.5,4496.25,4496.25,1198572
6-Apr-22,4526.5,4528.25,4444.5,4475.75,4475.75,1367969
5-Apr-22,4576,4588.5,4507.5,4520.25,4520.25,1046466
4-Apr-22,4538,4579.75,4527.75,4577.75,4577.75,748079
1-Apr-22,4542,4555.25,4501.25,4539.25,4539.25,1003041
31-Mar-22,4599.75,4614.25,4526.25,4530.75,4530.75,1037274
30-Mar-22,4621.5,4627.75,4574.75,4596,4596,897679
29-Mar-22,4570.25,4631,4565.25,4625.5,4625.5,1120929
28-Mar-22,4535.25,4572.25,4509.5,4568,4568,951907
25-Mar-22,4516,4539.25,4493.5,4536.5,4536.5,1082889
24-Mar-22,4449,4517.25,4445.75,4512.5,4512.5,958134
23-Mar-22,4505.5,4514,4444.75,4447.5,4447.5,1020982
22-Mar-22,4457,4514.75,4433,4505,4505,923712
21-Mar-22,4460.25,4473,4415,4452.25,4452.25,1151313
18-Mar-22,4389.5,4409.35,4373.25,4409.35,4409.35,919620
17-Mar-22,4370,4415.25,4329,4410.25,4410.25,118232
16-Mar-22,4256,4375.75,4247.25,4358,4358,198962
15-Mar-22,4180.25,4271.5,4137.75,4262,4262,271282
14-Mar-22,4212.25,4253.75,4160.5,4172,4172,436064
11-Mar-22,4257.5,4335.75,4197.5,4201.5,4201.5,555067
10-Mar-22,4279.25,4282,4206.25,4257.25,4257.25,1099631
9-Mar-22,4154.75,4298.25,4150,4275.25,4275.25,1237208
8-Mar-22,4186.75,4275,4138.75,4168.75,4168.75,1948323
7-Mar-22,4311,4326.25,4185.25,4198.5,4198.5,1693738
4-Mar-22,4366.5,4374.25,4281.5,4327.25,4327.25,1726895
3-Mar-22,4374,4418.75,4341,4359.25,4359.25,1526433
2-Mar-22,4308.5,4400,4278.25,4381.75,4381.75,1377005
1-Mar-22,4368.5,4398.5,4275,4303.75,4303.75,1690747
28-Feb-22,4343.25,4385.5,4256.25,4368,4368,1855844
25-Feb-22,4267,4384,4227.75,4380,4380,1344715
24-Feb-22,4216.25,4290.25,4101.25,4284,4284,2201127
23-Feb-22,4310.5,4345.75,4212.25,4222,4222,1387721
22-Feb-22,4326.25,4391.25,4249.75,4300,4300,1972051
18-Feb-22,4375.5,4411.5,4321,4343.5,4343.5,1365273
17-Feb-22,4465.75,4475,4367.25,4374.5,4374.5,1171982
16-Feb-22,4461,4485,4422.25,4470,4470,947284
15-Feb-22,4396,4468.25,4381.75,4464.5,4464.5,1142485
14-Feb-22,4412,4428,4354.25,4394,4394,1503146
11-Feb-22,4494.5,4520.5,4393.25,4409.5,4409.5,1672333
10-Feb-22,4583,4584,4476,4497.5,4497.5,1658972
9-Feb-22,4518.25,4585,4517.5,4577.75,4577.75,871714
8-Feb-22,4484,4524,4456.25,4512.5,4512.5,1055145
7-Feb-22,4495.5,4514.5,4462.25,4475.75,4475.75,1157270
4-Feb-22,4520.25,4532.5,4438.75,4492.5,4492.5,1457004
3-Feb-22,4548,4548.75,4461.25,4469,4469,1265126
2-Feb-22,4551.75,4586,4535.25,4577.25,4577.25,1155471
1-Feb-22,4493,4554.75,4473.75,4535,4535,1258883
31-Jan-22,4421.5,4507.75,4395.5,4504.25,4504.25,1030981
28-Jan-22,4346.5,4425.75,4266.25,4423.25,4423.25,1738256
27-Jan-22,4344.25,4421.5,4263.25,4317.75,4317.75,1888644
26-Jan-22,4308.75,4446.75,4292.5,4341.5,4341.5,1807642
25-Jan-22,4402.75,4406.75,4276.5,4349,4349,2015738
24-Jan-22,4388.5,4427.25,4212.5,4403.75,4403.75,2512146
21-Jan-22,4456.5,4486.75,4381.5,4390,4390,1986299
20-Jan-22,4526,4594.25,4437.75,4474.75,4474.75,1481570
19-Jan-22,4577,4603,4517.5,4524.25,4524.25,1479022
18-Jan-22,4665.75,4672,4559.5,4571.25,4571.25,1691971
14-Jan-22,4655,4667,4605.25,4654.75,4654.75,1447573
13-Jan-22,4719.5,4736.25,4642.5,4652,4652,1209688
12-Jan-22,4704.25,4739.5,4694.75,4716.25,4716.25,1110893
11-Jan-22,4663,4707.5,4626.5,4705,4705,1151286
10-Jan-22,4671,4681.5,4572.75,4662.25,4662.25,1543129
7-Jan-22,4695,4706,4653.75,4667.75,4667.75,1091983
6-Jan-22,4692.5,4715.75,4662.25,4687.5,4687.5,1149950
5-Jan-22,4783.75,4788.5,4689.5,4692.5,4692.5,1144930
4-Jan-22,4785.5,4808.25,4764.5,4784.25,4784.25,818897
3-Jan-22,4770.75,4791.25,4747.25,4786,4786,912826
31-Dec-21,4773.25,4778.5,4750.75,4758.5,4758.5,604183
30-Dec-21,4784.25,4799.75,4767,4772.25,4772.25,521171
29-Dec-21,4780.5,4796,4769.25,4784.5,4784.5,597173
28-Dec-21,4781,4798,4770.5,4778.5,4778.5,718564
27-Dec-21,4716.75,4784.25,4713.25,4782.25,4782.25,536924
23-Dec-21,4689,4731.5,4684.75,4715.75,4715.75,532053
22-Dec-21,4642,4690.5,4622.5,4686,4686,680086
21-Dec-21,4569.5,4643.25,4565.75,4640.75,4640.75,1000074
20-Dec-21,4612.5,4621.75,4520,4558.5,4558.5,1304109
17-Dec-21,4675,4678.5,4630,4636.46,4636.46,1516623
16-Dec-21,4713,4752.25,4651.25,4668.75,4668.75,117450
15-Dec-21,4637,4714.75,4611.25,4709.5,4709.5,133002
14-Dec-21,4672.75,4686.25,4606.25,4637,4637,202195
13-Dec-21,4712.25,4730.75,4664.5,4668.75,4668.75,209736
10-Dec-21,4668.75,4712.75,4664.5,4711,4711,286270
9-Dec-21,4697.25,4706,4662.5,4667,4667,752327
8-Dec-21,4695.25,4712,4671.75,4699,4699,790599
7-Dec-21,4594.25,4697.5,4587.5,4685,4685,858886
6-Dec-21,4542.5,4611.5,4531.25,4590,4590,1342201
3-Dec-21,4586.25,4607,4492.25,4537.5,4537.5,1578737
2-Dec-21,4514.5,4593.75,4505.5,4575.75,4575.75,1525201
1-Dec-21,4588,4650.75,4497.75,4508.5,4508.5,1496701
30-Nov-21,4657.25,4667.5,4556.75,4566.25,4566.25,1629825
29-Nov-21,4588.75,4669.75,4588.5,4651,4651,1128333
26-Nov-21,4699.75,4717,4577.25,4595.75,4595.75,1102593
25-Nov-21,4699.75,4717,4699.75,4706.75,4706.75,896185
24-Nov-21,4686,4702.25,4656.25,4699,4699,896185
23-Nov-21,4686,4695.5,4649,4688.5,4688.5,1400472
22-Nov-21,4700.25,4740.5,4674.25,4679.75,4679.75,883611
19-Nov-21,4705,4723.5,4684.25,4694.5,4694.5,766197
18-Nov-21,4685.5,4706.5,4668,4701.5,4701.5,752668
17-Nov-21,4696.75,4701,4679.5,4686.25,4686.25,622015
16-Nov-21,4681,4709.75,4670.75,4696,4696,598655
15-Nov-21,4684,4697.5,4667,4679,4679,713816
12-Nov-21,4647,4685.75,4644,4678.25,4678.25,686436
11-Nov-21,4644.5,4661.5,4638.25,4643,4643,691707
10-Nov-21,4675,4680.25,4625.25,4642,4642,1208428
9-Nov-21,4691,4700.5,4663.5,4678.25,4678.25,1003207
8-Nov-21,4679,4707,4676.5,4694,4694,729582
5-Nov-21,4672,4711.75,4667.5,4690.25,4690.25,831363
4-Nov-21,4652,4676.5,4650.75,4673.25,4673.25,675998
3-Nov-21,4621.5,4657.75,4613,4652.25,4652.25,597358
2-Nov-21,4606,4627,4593.25,4623.5,4623.5,535872
1-Nov-21,4607.25,4619.5,4586.75,4605.75,4605.75,611204
29-Oct-21,4578,4603.5,4559.25,4597,4597,722153
28-Oct-21,4548,4589.75,4545.25,4587.5,4587.5,716851
27-Oct-21,4563.75,4576.75,4543.75,4544.5,4544.5,787003
26-Oct-21,4565,4590,4560.75,4565.25,4565.25,787246
25-Oct-21,4528.75,4566.5,4522.5,4558,4558,577964
22-Oct-21,4530.5,4551.5,4515.25,4536.5,4536.5,861002
21-Oct-21,4524.75,4543.25,4510,4541.75,4541.75,548464
20-Oct-21,4515.75,4532.25,4504.25,4528,4528,587442
19-Oct-21,4475.5,4517.5,4471.75,4511.25,4511.25,580321
18-Oct-21,4465,4480,4436.25,4477.5,4477.5,662443
15-Oct-21,4435,4467.5,4426.25,4462.5,4462.5,641870
14-Oct-21,4355,4437.5,4354,4429,4429,760726
13-Oct-21,4327.75,4364.75,4319,4355,4355,1040781
12-Oct-21,4348,4365.25,4317.5,4340.75,4340.75,1049968
11-Oct-21,4381.25,4407.25,4343.75,4351,4351,894562
8-Oct-21,4390.75,4407.75,4376.25,4382.25,4382.25,900680
7-Oct-21,4355.25,4421.5,4354.5,4390,4390,782247
6-Oct-21,4334.25,4357.5,4273.75,4354,4354,1301755
5-Oct-21,4296.5,4359.75,4269,4334,4334,933723
4-Oct-21,4348.75,4362,4267.75,4291.25,4291.25,1333943
1-Oct-21,4301.75,4365.75,4260,4343.75,4343.75,1334932
30-Sep-21,4358.25,4388.5,4294.25,4297.75,4297.75,1228951
29-Sep-21,4347.75,4378.75,4344.25,4349.75,4349.75,1089102
28-Sep-21,4429.5,4442,4334.5,4343.5,4343.5,1332967
27-Sep-21,4446.25,4472,4425,4433,4433,679707
24-Sep-21,4439.25,4453,4410.5,4445.75,4445.75,680375
23-Sep-21,4385.75,4455,4385.25,4438,4438,726540
22-Sep-21,4337.25,4406.25,4321,4384,4384,966992
21-Sep-21,4342.75,4395.5,4329,4343.25,4343.25,1188465
20-Sep-21,4411.5,4421.75,4294,4421.75,4421.75,1230989
17-Sep-21,4471.75,4482.25,4459,4464.33,4464.33,946289
16-Sep-21,4484.75,4487.75,4443,4474.25,4474.25,83475
15-Sep-21,4447,4487.5,4437.5,4481.75,4481.75,124317
14-Sep-21,4475.75,4489,4435.25,4444.5,4444.5,138861
13-Sep-21,4461.25,4492.75,4444.25,4469,4469,238911
10-Sep-21,4490.75,4518.25,4456.5,4458.25,4458.25,318006
9-Sep-21,4511.25,4529,4485.5,4492.25,4492.25,794664
8-Sep-21,4517.75,4524.75,4492,4512.5,4512.5,804048
7-Sep-21,4533.25,4548,4510.75,4519.25,4519.25,763253
3-Sep-21,4536.5,4550,4519.25,4534.5,4534.5,655159
2-Sep-21,4522.5,4544,4516,4535.25,4535.25,588129
1-Sep-21,4527.5,4540,4519.25,4521.25,4521.25,580462
31-Aug-21,4529.5,4542.25,4512.75,4520.5,4520.5,775486
30-Aug-21,4508.5,4534.5,4500.75,4525.25,4525.25,509281
27-Aug-21,4469.75,4510,4462,4505.5,4505.5,540107
26-Aug-21,4493.25,4494.5,4465,4466.5,4466.5,784883
25-Aug-21,4483.75,4498,4476.25,4493,4493,400720
24-Aug-21,4481,4492,4476.75,4482.5,4482.5,428828
23-Aug-21,4435.25,4485.75,4433.5,4475.5,4475.5,496055
20-Aug-21,4403.5,4440.5,4371.75,4437,4437,814722
19-Aug-21,4389.25,4414.75,4347.5,4401.5,4401.5,1248532
18-Aug-21,4437,4449.75,4381.75,4394.5,4394.5,936206
17-Aug-21,4471,4472.25,4412,4443.5,4443.5,1042708
16-Aug-21,4456.25,4476.5,4432.5,4474,4474,658401
13-Aug-21,4456,4463.25,4451,4462.5,4462.5,352574
12-Aug-21,4440.5,4456.25,4430.25,4454.5,4454.5,365690
11-Aug-21,4429,4443.5,4420.5,4440.5,4440.5,448269
10-Aug-21,4427,4438.25,4416.75,4430,4430,434681
9-Aug-21,4428.25,4432,4412.25,4425.75,4425.75,421819
6-Aug-21,4420.5,4433.25,4416,4429.5,4429.5,463755
5-Aug-21,4396.75,4422.5,4393.75,4421.5,4421.5,392989
4-Aug-21,4409,4415.25,4391.25,4394.75,4394.75,555035
3-Aug-21,4384.25,4417,4365.25,4415,4415,756469
2-Aug-21,4395.5,4419.75,4377.25,4379.75,4379.75,693668
30-Jul-21,4394.75,4405,4370.5,4389.5,4389.5,747455
29-Jul-21,4393.25,4422.75,4380.25,4411.75,4411.75,544719
28-Jul-21,4379.75,4407.75,4375.75,4393.75,4393.75,697343
27-Jul-21,4415.75,4416,4364.5,4394.5,4394.5,934515
26-Jul-21,4400.25,4416.75,4375.5,4414.25,4414.25,507978
23-Jul-21,4371,4407.75,4367.5,4403,4403,474398
22-Jul-21,4355.25,4371.5,4341.5,4359.5,4359.5,500563
21-Jul-21,4319,4355.25,4309.75,4350.5,4350.5,578208
20-Jul-21,4263,4328.75,4252.75,4315.5,4315.5,900448
19-Jul-21,4320.25,4322.25,4224,4251.25,4251.25,1324064
16-Jul-21,4348,4368,4314.25,4318.5,4318.5,755256
15-Jul-21,4367,4370.25,4332.25,4352,4352,772186
14-Jul-21,4359.75,4384.5,4349.75,4367.75,4367.75,691858
13-Jul-21,4376.75,4383.75,4356.5,4361.25,4361.25,660164
12-Jul-21,4362.25,4378.75,4341.75,4376.5,4376.5,497451
9-Jul-21,4310.75,4363.5,4293,4360,4360,579934
8-Jul-21,4352.75,4353,4279.25,4313,4313,1139550
7-Jul-21,4328.75,4353,4320.25,4349.75,4349.75,683795
6-Jul-21,4340.25,4348.25,4305.5,4334,4334,735486
2-Jul-21,4310,4347,4308.25,4342.75,4342.75,446891
1-Jul-21,4293.75,4312,4286,4310.75,4310.75,498634
30-Jun-21,4284.5,4294,4269.25,4288.5,4288.5,535229
29-Jun-21,4281.25,4291,4271.5,4282,4282,448502
28-Jun-21,4275,4282,4264.25,4280.5,4280.5,439455
25-Jun-21,4262.25,4276.75,4253.5,4271.25,4271.25,388417
24-Jun-21,4233.75,4263.25,4232,4256,4256,412380
23-Jun-21,4237.75,4248.25,4230.5,4231.5,4231.5,431530
22-Jun-21,4219,4245.25,4205.75,4236.25,4236.25,524090
21-Jun-21,4142.5,4219.75,4126.5,4213.75,4213.75,724705
18-Jun-21,4222.75,4231.5,4183.75,4187.25,4187.25,983593
17-Jun-21,4214.25,4232.5,4192.75,4222.25,4222.25,74669
16-Jun-21,4248,4251.25,4200.75,4223,4223,69818
15-Jun-21,4255.25,4267.5,4238,4246.5,4246.5,61522
14-Jun-21,4246.5,4257.5,4233.5,4254.75,4254.75,82896
11-Jun-21,4240,4247.75,4230.75,4245.75,4245.75,147389
10-Jun-21,4222.25,4249,4207,4238,4238,737328
9-Jun-21,4225.75,4235.5,4217,4218.5,4218.5,561993
8-Jun-21,4227.5,4236.75,4206,4225.75,4225.75,752116
7-Jun-21,4232,4234.5,4214,4225.5,4225.5,598200
4-Jun-21,4191,4232,4177,4228.25,4228.25,571086
3-Jun-21,4207.5,4213.5,4165,4191.25,4191.25,872101
2-Jun-21,4198.25,4215,4190.75,4206.25,4206.25,660607
1-Jun-21,4206.5,4230,4189.75,4198.5,4198.5,807350
28-May-21,4211.5,4217.75,4201,4202.5,4202.5,525234
27-May-21,4193.25,4211.5,4177.75,4199,4199,631352
26-May-21,4188.25,4204.5,4180.5,4193,4193,613012
25-May-21,4199.5,4212.75,4179.25,4185.5,4185.5,750389
24-May-21,4151.25,4206.25,4142.5,4193.75,4193.75,565613
21-May-21,4152.75,4185,4147,4151.75,4151.75,905340
20-May-21,4108,4169,4084.5,4154.25,4154.25,866585
19-May-21,4114.25,4123,4055.75,4111.5,4111.5,1331299
18-May-21,4159.5,4179.5,4111.75,4123,4123,754371
17-May-21,4169.25,4178.75,4136.5,4157.75,4157.75,840517
14-May-21,4112.25,4178.25,4104.75,4169,4169,741723
13-May-21,4053.75,4126.75,4029.25,4107,4107,1390197
12-May-21,4140.25,4150.25,4051,4058.75,4058.75,1630334
11-May-21,4177,4185.5,4103.75,4146.25,4146.25,1592809
10-May-21,4226.5,4238,4172,4183.5,4183.5,929364
7-May-21,4196.5,4232.25,4191.75,4225.25,4225.25,788472
6-May-21,4159,4197,4140.5,4194.25,4194.25,1088435
5-May-21,4158.5,4180,4153,4160,4160,797762
4-May-21,4184,4185.75,4120.5,4158.25,4158.25,1198349
3-May-21,4181.25,4202.5,4181,4185.75,4185.75,656266
30-Apr-21,4200.5,4201.25,4167.25,4174.5,4174.5,945134
29-Apr-21,4185,4210.75,4168,4203.5,4203.5,959965
28-Apr-21,4180.5,4194,4170.25,4176.25,4176.25,675029
27-Apr-21,4181.5,4191.75,4166.75,4179,4179,572040
26-Apr-21,4170.5,4186,4163.25,4179.5,4179.5,557351
23-Apr-21,4129.75,4186.75,4127.5,4171.5,4171.5,756478
22-Apr-21,4157.75,4171.75,4115.25,4127.75,4127.75,1323732
21-Apr-21,4120.75,4167.25,4112.75,4164.75,4164.75,849638
20-Apr-21,4156.5,4167.5,4110.5,4126.5,4126.5,1144209
19-Apr-21,4165.5,4174.75,4142,4155.5,4155.5,1024651
16-Apr-21,4162.5,4183.5,4154.25,4176.25,4176.25,694848
15-Apr-21,4123.25,4166.75,4119.5,4162.5,4162.5,656640
14-Apr-21,4134.5,4143.75,4113,4118,4118,1026844
13-Apr-21,4122.5,4139.75,4101.25,4132.75,4132.75,646010
12-Apr-21,4114,4124.25,4104.5,4120.25,4120.25,665456
9-Apr-21,4098,4121.5,4081,4119.5,4119.5,626181
8-Apr-21,4075,4098.5,4072.5,4089,4089,591195
7-Apr-21,4067,4075.75,4056.5,4070,4070,669472
6-Apr-21,4070,4076,4052.25,4064,4064,732333
5-Apr-21,4028.5,4073.75,4021,4067.75,4067.75,589360
1-Apr-21,3967,4015.25,3964.5,4010,4010,673486
31-Mar-21,3949.5,3983.75,3941.5,3967.5,3967.5,764414
30-Mar-21,3964.25,3969,3933.75,3947.75,3947.75,1057421
29-Mar-21,3961.5,3971.25,3929,3959,3959,1376697
26-Mar-21,3907.75,3967.75,3900.75,3964.75,3964.75,1042676
25-Mar-21,3883,3909.5,3843.25,3900.5,3900.5,1454050
24-Mar-21,3905.5,3931.75,3877.5,3880.75,3880.75,1171625
23-Mar-21,3933,3938.75,3890.5,3899.75,3899.75,1142576
22-Mar-21,3893.75,3944.5,3885,3930,3930,756434
19-Mar-21,3921.25,3934.5,3906.75,3912.62,3912.62,1073241
18-Mar-21,3971.75,3988.5,3907.5,3916.5,3916.5,93285
17-Mar-21,3965.5,3983.75,3935.25,3974,3974,118706
16-Mar-21,3966.25,3980.25,3952.75,3962.5,3962.5,118247
15-Mar-21,3946,3969.75,3922,3967.5,3967.5,149588
12-Mar-21,3937.25,3947.75,3910,3942.25,3942.25,350592
11-Mar-21,3908.75,3958.5,3893,3936.75,3936.75,731693
10-Mar-21,3877,3916.25,3856.75,3896.5,3896.5,1131511
9-Mar-21,3831.5,3901.25,3826.25,3873.25,3873.25,943071
8-Mar-21,3854.5,3879.25,3796.25,3819.25,3819.25,1587819
5-Mar-21,3765,3850,3728.5,3839,3839,2201668
4-Mar-21,3817.75,3842,3720.5,3765.5,3765.5,2214003
3-Mar-21,3867.75,3897.75,3813,3816.75,3816.75,1541944
2-Mar-21,3903,3906.75,3865.75,3867.5,3867.5,1240740
1-Mar-21,3817,3912,3812.5,3898.75,3898.75,963058
26-Feb-21,3823,3858.75,3785,3809.25,3809.25,1906843
25-Feb-21,3923.75,3934.5,3810.25,3828,3828,1784926
24-Feb-21,3876.5,3927.75,3851.75,3922.5,3922.5,1166913
23-Feb-21,3877.75,3895.75,3804.75,3878,3878,1448708
22-Feb-21,3905,3914.25,3861.25,3873.5,3873.5,867790
19-Feb-21,3911,3931.25,3890.25,3903,3903,776526
18-Feb-21,3928,3936,3880.5,3909.5,3909.5,891820
17-Feb-21,3929.5,3932.5,3896.5,3928,3928,844376
16-Feb-21,3936.25,3959.25,3918.75,3927.75,3927.75,846600
12-Feb-21,3905.5,3936.25,3890.25,3931,3931,538150
11-Feb-21,3906.75,3920.75,3884.5,3912,3912,845446
10-Feb-21,3912,3928.25,3878.5,3903,3903,1048702
9-Feb-21,3910.5,3913.5,3895,3905.5,3905.5,505173
8-Feb-21,3888.25,3911.25,3885.5,3908,3908,523552
5-Feb-21,3864,3888.5,3860,3880.25,3880.25,605142
4-Feb-21,3833,3869.75,3811.5,3864.5,3864.5,683457
3-Feb-21,3829.25,3843.5,3807.75,3823.5,3823.5,803413
2-Feb-21,3764.5,3835.75,3759.75,3818.25,3818.25,923295
1-Feb-21,3692.75,3777,3657,3765.75,3765.75,1085502
29-Jan-21,3769.5,3777,3685.5,3705.25,3705.25,1705079
28-Jan-21,3735,3823.75,3703.25,3779.25,3779.25,1446451
27-Jan-21,3845.5,3853,3706.25,3744.25,3744.25,1611192
26-Jan-21,3845.25,3862.5,3821.5,3842.5,3842.5,779412
25-Jan-21,3835,3853.5,3788.5,3848.5,3848.5,1191844
22-Jan-21,3846.5,3849.5,3813.5,3834.25,3834.25,630792
21-Jan-21,3841.25,3859.75,3836.5,3846,3846,553426
20-Jan-21,3795.75,3852.5,3788.75,3845,3845,626632
19-Jan-21,3750.25,3797,3741,3790.5,3790.5,767205
15-Jan-21,3792.75,3797.75,3741.5,3762.25,3762.25,1067450
14-Jan-21,3807.5,3817.75,3786.25,3791.25,3791.25,709837
13-Jan-21,3792.5,3813.5,3776.5,3803.75,3803.75,703893
12-Jan-21,3793.75,3806.75,3767.75,3794.5,3794.5,848854
11-Jan-21,3815.75,3820.75,3776.25,3792,3792,804542
8-Jan-21,3797.5,3824.25,3775.25,3817.5,3817.5,1035440
7-Jan-21,3751.5,3804,3742,3795.5,3795.5,760416
6-Jan-21,3716.75,3774.75,3685.5,3740.5,3740.5,1423087
5-Jan-21,3695,3729.75,3673.25,3718.25,3718.25,961746
4-Jan-21,3748.5,3773.25,3652.5,3692.25,3692.25,1290071
31-Dec-20,3725,3753,3715,3748.75,3748.75,400961
30-Dec-20,3724.25,3738.25,3716.5,3724.25,3724.25,457574
29-Dec-20,3730,3747.75,3714.5,3720,3720,650390
28-Dec-20,3682.25,3732.25,3675,3727.5,3727.5,473807
24-Dec-20,3684,3696.25,3679,3695,3695,197946
23-Dec-20,3674.5,3701.5,3651,3681.5,3681.5,639737
22-Dec-20,3684.75,3695.25,3663.75,3677.25,3677.25,869272
21-Dec-20,3718,3724.25,3596,3685.75,3685.75,1301639
18-Dec-20,3722.25,3748.25,3708,3726.25,3726.25,933634
17-Dec-20,3703.25,3727,3699.5,3721.25,3721.25,62060
16-Dec-20,3695,3711.5,3687.25,3700.75,3700.75,79520
15-Dec-20,3652.25,3695.75,3642.75,3694.5,3694.5,115720
14-Dec-20,3677.5,3698.5,3644.25,3646.5,3646.5,221323
11-Dec-20,3668.75,3675,3628,3661.25,3661.25,296527
10-Dec-20,3669.75,3681.25,3644,3668.5,3668.5,918121
9-Dec-20,3707.25,3715,3659.25,3672.5,3672.5,1143360
8-Dec-20,3682.25,3708,3664,3702,3702,672062
7-Dec-20,3695,3705,3672.25,3690.75,3690.75,664937
4-Dec-20,3668,3700,3665.5,3698,3698,567166
3-Dec-20,3671,3682,3655.25,3664.5,3664.5,716871
2-Dec-20,3661,3672.75,3642.25,3667.25,3667.25,678576
1-Dec-20,3631.25,3677.5,3625.75,3660.5,3660.5,839881
30-Nov-20,3644,3651.75,3592.25,3623.25,3623.25,993931
27-Nov-20,3629.25,3642.75,3612.75,3636.5,3636.5,347834
25-Nov-20,3635.75,3655,3615.25,3627.25,3627.25,703798
24-Nov-20,3576.25,3640,3575.25,3632.75,3632.75,763423
23-Nov-20,3546.25,3596,3545,3576,3576,755342
20-Nov-20,3560.5,3582.5,3542.5,3554.25,3554.25,754973
19-Nov-20,3561.75,3582.5,3542,3580,3580,891717
18-Nov-20,3603.75,3623.25,3556,3565,3565,974851
17-Nov-20,3626,3630,3584,3606.75,3606.75,923520
16-Nov-20,3586.75,3636.75,3586,3623,3623,853041
13-Nov-20,3538,3590,3518.25,3582,3582,827963
12-Nov-20,3574.5,3575,3513,3532.5,3532.5,1209448
11-Nov-20,3546.5,3576.75,3530.75,3568,3568,978070
10-Nov-20,3549.25,3562.75,3506.25,3541,3541,1651819
9-Nov-20,3522.5,3668.75,3515.75,3544,3544,1805691
6-Nov-20,3509,3519,3456.5,3500.75,3500.75,1103710
5-Nov-20,3447.75,3522.5,3428,3504.75,3504.75,1113831
4-Nov-20,3362.5,3480,3319.25,3435,3435,1504508
3-Nov-20,3304.25,3382.75,3301.25,3361.5,3361.5,1055224
2-Nov-20,3262.25,3323.5,3243.25,3300.5,3300.5,1313229
30-Oct-20,3268.25,3296.25,3225,3264.75,3264.75,1733336
29-Oct-20,3278.75,3333.75,3250.25,3302.25,3302.25,1357129
28-Oct-20,3368.75,3370.75,3260.75,3263.5,3263.5,1529943
27-Oct-20,3394.5,3410.25,3368,3383,3383,940467
26-Oct-20,3446,3447,3356,3393.5,3393.5,1270433
23-Oct-20,3455.75,3463.5,3431.75,3451.75,3451.75,773247
22-Oct-20,3430.5,3453,3402.25,3449.25,3449.25,856913
21-Oct-20,3435.25,3457.75,3420.75,3432.5,3432.5,1034105
20-Oct-20,3435.75,3469.75,3418,3432.25,3432.25,1078100
19-Oct-20,3470.75,3496.5,3410.75,3422.75,3422.75,1027486
16-Oct-20,3478.5,3508.5,3461.25,3462.25,3462.25,719766
15-Oct-20,3479.5,3486.75,3431.5,3475.5,3475.5,897971
14-Oct-20,3502.25,3524,3472.25,3481,3481,901013
13-Oct-20,3533.75,3536,3491.25,3504.75,3504.75,894785
12-Oct-20,3470.25,3541.25,3464,3532.75,3532.75,726172
9-Oct-20,3447,3480,3445.5,3473.25,3473.25,571111
8-Oct-20,3407.25,3447.75,3404,3437.5,3437.5,638300
7-Oct-20,3338,3416.5,3331.75,3406.75,3406.75,895709
6-Oct-20,3392.25,3421.75,3330.75,3353.25,3353.25,1150090
5-Oct-20,3358,3400,3346.5,3393,3393,641071
2-Oct-20,3366.75,3374.75,3300.25,3339.25,3339.25,1259792
1-Oct-20,3344.75,3387.75,3343.75,3367.75,3367.75,937681
30-Sep-20,3330,3384,3291.25,3352,3352,1140694
29-Sep-20,3348.5,3363,3316.5,3333.75,3333.75,729692
28-Sep-20,3291.25,3351.25,3288,3346,3346,809590
25-Sep-20,3243.5,3296.5,3206.25,3287.25,3287.25,1030582
24-Sep-20,3227.75,3268.25,3198,3238,3238,1288513
23-Sep-20,3304,3319.75,3220.75,3231.25,3231.25,1165489
22-Sep-20,3271,3309.5,3256.25,3299.25,3299.25,946638
21-Sep-20,3314.75,3326.5,3217.75,3275,3275,1256851
18-Sep-20,3356.25,3374,3341,3353.6,3353.6,1072178
17-Sep-20,3392.75,3397.75,3320.5,3361.5,3361.5,106003
16-Sep-20,3406.25,3429.75,3384,3389.5,3389.5,96782
15-Sep-20,3378.75,3419.25,3376.5,3405.25,3405.25,77209
14-Sep-20,3350,3402.75,3344.5,3382.5,3382.5,132567
11-Sep-20,3345.5,3376.25,3308.75,3333.75,3333.75,451061
10-Sep-20,3395.75,3424.25,3327.25,3340.5,3340.5,1337442
9-Sep-20,3320,3424,3295.5,3400.25,3400.25,1014612
8-Sep-20,3420.5,3447.25,3327.5,3335.5,3335.5,2026634
4-Sep-20,3455,3484.25,3347.75,3417.5,3417.5,1783626
3-Sep-20,3578.5,3586.5,3424.75,3461.5,3461.5,1908869
2-Sep-20,3529,3587,3526.25,3579.25,3579.25,924937
1-Sep-20,3493.75,3530,3484.25,3527,3527,701143
31-Aug-20,3508.5,3524.5,3490,3499,3499,680344
28-Aug-20,3487.75,3509.25,3480.75,3504.5,3504.5,713068
27-Aug-20,3479.5,3498.25,3464.75,3485.25,3485.25,1031257
26-Aug-20,3444.5,3483.5,3436.75,3480.25,3480.25,637492
25-Aug-20,3427,3448.75,3421.75,3443,3443,731804
24-Aug-20,3398,3429.25,3394,3427.5,3427.5,691359
21-Aug-20,3383.5,3396.25,3356.5,3392.5,3392.5,723095
20-Aug-20,3370,3387,3344.5,3380.75,3380.75,743300
19-Aug-20,3388.5,3395.5,3365.5,3372.75,3372.75,720650
18-Aug-20,3379.25,3390.5,3365.25,3387,3387,601229
17-Aug-20,3365.75,3383,3365,3379.75,3379.75,408070
14-Aug-20,3368.75,3380.25,3349.75,3361.5,3361.5,665298
13-Aug-20,3367.75,3382,3357.5,3367.75,3367.75,714190
12-Aug-20,3339.5,3382.25,3326.25,3370,3370,866719
11-Aug-20,3350.5,3379,3319.75,3330,3330,974384
10-Aug-20,3347.25,3357.25,3329,3352.75,3352.75,661329
7-Aug-20,3343.5,3347.75,3322.5,3344.75,3344.75,909596
6-Aug-20,3317.25,3346,3300.5,3344.25,3344.25,741215
5-Aug-20,3300.5,3323.5,3292.25,3316,3316,542479
4-Aug-20,3290.5,3301.5,3271,3300,3300,599455
3-Aug-20,3270.75,3295.5,3254.5,3288.5,3288.5,549146
31-Jul-20,3269.25,3273.75,3212.5,3263.5,3263.5,1170078
30-Jul-20,3256.75,3269.25,3195,3248.75,3248.75,1026724
29-Jul-20,3214.75,3257,3204.25,3252.5,3252.5,659438
28-Jul-20,3234.75,3246.5,3208,3213,3213,811743
27-Jul-20,3210.5,3235,3192,3232.25,3232.25,761517
24-Jul-20,3229.75,3239,3191.75,3204,3204,1041284
23-Jul-20,3267.5,3284.5,3214.25,3227.5,3227.5,1187809
22-Jul-20,3249.25,3271.5,3227.25,3265.5,3265.5,870907
21-Jul-20,3243.75,3273,3239.25,3251.25,3251.25,965242
20-Jul-20,3214.25,3251.5,3190.25,3245.25,3245.25,771885
17-Jul-20,3198.25,3225.25,3194.75,3214,3214,804718
16-Jul-20,3223.25,3228.5,3188.5,3194.5,3194.5,1073827
15-Jul-20,3203,3233,3192,3219.5,3219.5,1419635
14-Jul-20,3150,3192,3119,3183.5,3183.5,1635280
13-Jul-20,3182,3226.25,3140.5,3148.25,3148.25,1318497
10-Jul-20,3142,3182,3111.5,3178.5,3178.5,1116626
9-Jul-20,3166,3170.75,3105.25,3141,3141,1277175
8-Jul-20,3135.25,3166.25,3125.5,3163.5,3163.5,1139690
7-Jul-20,3169.75,3184,3132.5,3136.5,3136.5,882615
6-Jul-20,3121,3174.75,3120.75,3172,3172,1089068
2-Jul-20,3101.5,3156.75,3095.5,3129,3129,970423
1-Jul-20,3085,3118,3062.75,3103,3103,870888
30-Jun-20,3046,3101,3030.25,3090.25,3090.25,844962
29-Jun-20,2986.25,3051.25,2983.5,3047.75,3047.75,894898
26-Jun-20,3071.5,3082,2992.75,3007,3007,1132229
25-Jun-20,3047,3079.5,3005.5,3070.75,3070.75,1062543
24-Jun-20,3113,3128.25,3019.5,3049,3049,1389332
23-Jun-20,3111.75,3145.5,3060.25,3118.5,3118.5,930977
22-Jun-20,3043,3114.75,3027.5,3110.75,3110.75,828328
19-Jun-20,3109.5,3161.26,3106.5,3161.26,3161.26,1067306
18-Jun-20,3114.5,3130.5,3075.5,3109,3109,87430
17-Jun-20,3122.25,3158,3105.25,3118,3118,109140
16-Jun-20,3077,3167,3071.25,3128.75,3128.75,261299
15-Jun-20,3002.5,3079.5,2935.25,3073,3073,379285
12-Jun-20,3015,3087.75,2982.25,3034.75,3034.75,676747
11-Jun-20,3183.75,3188.75,2996.25,3010.25,3010.25,1888206
10-Jun-20,3205,3227.25,3179.75,3186,3186,1203733
9-Jun-20,3227.5,3231,3190,3205.5,3205.5,916394
8-Jun-20,3192.25,3231.25,3183.25,3227.5,3227.5,790782
5-Jun-20,3113.5,3210.5,3106.25,3186.75,3186.75,1112781
4-Jun-20,3117,3127,3087.5,3110.5,3110.5,1009461
3-Jun-20,3077.75,3129.5,3074.25,3117.75,3117.75,732402
2-Jun-20,3052.75,3079.25,3034.25,3077,3077,764713
1-Jun-20,3032,3058.75,3007.75,3054,3054,714753
29-May-20,3036,3058.5,2992.25,3042,3042,1176313
28-May-20,3034.5,3065.5,3019.5,3038,3038,958717
27-May-20,2994.25,3039.75,2965.5,3035.5,3035.5,1168154
26-May-20,2948.75,3019.75,2947.75,2994.5,2994.5,1023998
22-May-20,2936.75,2957.25,2903.75,2953,2953,866849
21-May-20,2972,2973.5,2933,2937,2937,1079352
20-May-20,2913.75,2975.75,2908.5,2968.5,2968.5,865157
19-May-20,2945,2976.25,2913.75,2918.75,2918.75,921190
18-May-20,2860,2964.5,2850,2948,2948,768821
15-May-20,2846,2863,2809.5,2846.5,2846.5,1151670
14-May-20,2820.25,2853.75,2760.25,2847,2847,1353295
13-May-20,2840,2876.5,2786.25,2813,2813,1541126
12-May-20,2919,2939.75,2838,2852.5,2852.5,974692
11-May-20,2921,2946.5,2889.5,2922.75,2922.75,801756
8-May-20,2881.75,2932.75,2879.25,2928.5,2928.5,641598
7-May-20,2832.25,2894.75,2823.25,2880,2880,833230
6-May-20,2857.5,2886.25,2832,2833.5,2833.5,888865
5-May-20,2827,2889.5,2824.5,2858.25,2858.25,760646
4-May-20,2793,2835.75,2770.75,2825.25,2825.25,886987
1-May-20,2873,2879.5,2811.75,2821.75,2821.75,990942
30-Apr-20,2956.5,2965.25,2878.25,2902.5,2902.5,1134559
29-Apr-20,2870.75,2959.5,2860.75,2941,2941,912841
28-Apr-20,2867.75,2913.5,2851.25,2867.25,2867.25,974954
27-Apr-20,2828.75,2883,2812.75,2869,2869,695131
24-Apr-20,2777,2836,2755,2829.5,2829.5,718259
23-Apr-20,2790.25,2836.75,2772.5,2780.75,2780.75,1098113
22-Apr-20,2737.25,2808,2717.25,2788.5,2788.5,844258
21-Apr-20,2807,2833.25,2717.25,2732,2732,1350460
20-Apr-20,2861.75,2875.75,2804.25,2806.5,2806.5,951288
17-Apr-20,2858,2885.25,2821,2870,2870,958259
16-Apr-20,2767.5,2831.5,2746.5,2787.5,2787.5,960929
15-Apr-20,2843.5,2845.75,2751.25,2775,2775,861143
14-Apr-20,2760.5,2848.75,2752.5,2843,2843,735110
13-Apr-20,2807,2820.5,2710.25,2759.25,2759.25,800021
9-Apr-20,2737.5,2809.75,2700.25,2779.75,2779.75,1114248
8-Apr-20,2640.75,2752.5,2620.75,2735,2735,989636
7-Apr-20,2645.5,2749,2623.75,2642,2642,1179264
6-Apr-20,2483.25,2668.5,2483.25,2644.5,2644.5,758938
3-Apr-20,2514,2529.5,2448.75,2482.75,2482.75,823086
2-Apr-20,2458.25,2525,2424.75,2516.5,2516.5,1060722
1-Apr-20,2562.5,2562.5,2434.25,2448,2448,884677
31-Mar-20,2612.25,2639.25,2555.75,2569.75,2569.75,864900
30-Mar-20,2465,2621.5,2447,2611.25,2611.25,944238
27-Mar-20,2627,2635,2505.5,2524,2524,1022402
26-Mar-20,2471.5,2626,2401.75,2608,2608,1146174
25-Mar-20,2442.5,2561.5,2378.25,2467,2467,1397589
24-Mar-20,2233.25,2448,2230.25,2438,2438,1057349
23-Mar-20,2220.5,2385.5,2174,2220.5,2220.5,1317779
20-Mar-20,2365,2513,2343,2437.98,2437.98,1626055
19-Mar-20,2414.25,2474.25,2287.25,2403.25,2403.25,101131
18-Mar-20,2478.75,2498.75,2273.5,2414,2414,95464
17-Mar-20,2420.75,2554.25,2365,2495.5,2495.5,167283
16-Mar-20,2673.75,2698.5,2351,2416.25,2416.25,190088
13-Mar-20,2433,2708.5,2393.25,2696,2696,503889
12-Mar-20,2738.25,2773.5,2442,2469,2469,1447148
11-Mar-20,2861.75,2869.5,2703,2740.25,2740.25,1109823
10-Mar-20,2733.5,2884.75,2694.75,2865.75,2865.75,1061592
9-Mar-20,2916.5,2917,2713.5,2747.75,2747.75,806067
6-Mar-20,3024,3037,2898,2964,2964,913066
5-Mar-20,3110,3114,2996.75,3015.5,3015.5,718122
4-Mar-20,2988.75,3129.25,2976.75,3114.75,3114.75,647060
3-Mar-20,3077,3136.5,2973,2997,2997,1096486
2-Mar-20,2904,3093,2888,3065,3065,946817
28-Feb-20,2950.5,2995.75,2853,2951,2951,1735325
27-Feb-20,3101.25,3117,2944.5,2957,2957,1282240
26-Feb-20,3139,3182,3090.5,3110.25,3110.25,1070134
25-Feb-20,3224.25,3259.5,3117.25,3132.5,3132.5,1152006
24-Feb-20,3315,3315,3213.75,3226.25,3226.25,824521
21-Feb-20,3366.75,3369.5,3327.75,3339.25,3339.25,477927
20-Feb-20,3391.25,3397.5,3339.5,3369.25,3369.25,554873
19-Feb-20,3371.5,3394,3370.75,3387.25,3387.25,213909
18-Feb-20,3381.25,3392.5,3355.25,3369.25,3369.25,333634
14-Feb-20,3379,3388.25,3365.25,3381,3381,236867
13-Feb-20,3380.25,3384.75,3348.5,3377.5,3377.5,325469
12-Feb-20,3359.75,3381.5,3355.5,3380.5,3380.5,215754
11-Feb-20,3350.75,3374.5,3349.5,3357.5,3357.5,281600
10-Feb-20,3322,3353.5,3303.25,3353,3353,277254
7-Feb-20,3348.75,3350,3320.75,3325.5,3325.5,382351
6-Feb-20,3336,3357.5,3332.5,3345.25,3345.25,291379
5-Feb-20,3299.25,3338.25,3288.25,3335,3335,416320
4-Feb-20,3244.75,3305.25,3236,3299.5,3299.5,356578
3-Feb-20,3222,3267.25,3221.5,3245.5,3245.5,386183
31-Jan-20,3292.75,3297.5,3212.5,3224,3224,642183
30-Jan-20,3272,3295.25,3239.5,3289.75,3289.75,541849
29-Jan-20,3282.25,3292.75,3265.25,3272.5,3272.5,379821
28-Jan-20,3239.5,3285,3238.5,3278.25,3278.25,349143
27-Jan-20,3273,3273,3233,3239.5,3239.5,521503
24-Jan-20,3326.25,3337,3280.5,3293.5,3293.5,521297
23-Jan-20,3317,3327,3301.5,3326,3326,349429
22-Jan-20,3320.5,3337.5,3315.25,3319.75,3319.75,221789
21-Jan-20,3324.5,3330,3307.25,3319.5,3319.5,262273
17-Jan-20,3316.75,3330.25,3316,3325,3325,172211
16-Jan-20,3293.75,3318,3293.75,3316.5,3316.5,176499
15-Jan-20,3287.5,3299,3278,3293.75,3293.75,235400
14-Jan-20,3289,3296.5,3275.25,3288,3288,267615
13-Jan-20,3265.75,3291,3265.5,3289.75,3289.75,156703
10-Jan-20,3275.5,3287,3260.75,3264.75,3264.75,218016
9-Jan-20,3259.75,3276.75,3257.75,3276,3276,198451
8-Jan-20,3232,3267.5,3181,3260.25,3260.25,488406
7-Jan-20,3243,3254.5,3226,3235.25,3235.25,221754
6-Jan-20,3222.75,3249.5,3208.75,3243.5,3243.5,246527
3-Jan-20,3260.75,3263.25,3207,3235.5,3235.5,310875
2-Jan-20,3237,3261.75,3234.25,3259,3259,178832
31-Dec-19,3223,3236,3213,3231,3231,144320
30-Dec-19,3237.5,3244.5,3217.25,3223.5,3223.5,191801
27-Dec-19,3241.75,3254,3235.5,3237.5,3237.5,151910
26-Dec-19,3226.75,3244.75,3226.75,3244.5,3244.5,59828
24-Dec-19,3227.5,3231,3222.5,3225.75,3225.75,40939
23-Dec-19,3226.25,3234.25,3224.25,3227.25,3227.25,88119
20-Dec-19,3207.75,3231.02,3204,3231.02,3231.02,152944
19-Dec-19,3195.5,3209.25,3190.25,3207,3207,7317
18-Dec-19,3189.75,3198.75,3188,3194.75,3194.75,8339
17-Dec-19,3192.5,3199.25,3187.75,3192,3192,13568
16-Dec-19,3175,3198.75,3173.75,3194.25,3194.25,19693
13-Dec-19,3173.75,3185,3156.75,3172,3172,78098
12-Dec-19,3143.75,3177.25,3137,3168,3168,382964
11-Dec-19,3136,3144.5,3129.75,3143,3143,189582
10-Dec-19,3133.25,3143,3116.25,3136,3136,260448
9-Dec-19,3146.5,3149.5,3131.25,3134.5,3134.5,159703
6-Dec-19,3117.5,3151.25,3117,3146,3146,192303
5-Dec-19,3110.75,3124.75,3103.5,3117.75,3117.75,263471
4-Dec-19,3091.75,3119.5,3081.75,3111,3111,251916
3-Dec-19,3114,3122,3069.5,3091,3091,398053
2-Dec-19,3145,3157.75,3110.25,3114.25,3114.25,337301
29-Nov-19,3154.25,3155.5,3139.5,3143.75,3143.75,117741
27-Nov-19,3143.75,3155,3141.75,3153.75,3153.75,109230
26-Nov-19,3131.25,3144.75,3128,3143.75,3143.75,147559
25-Nov-19,3117.5,3133.5,3116.5,3132.75,3132.75,106466
22-Nov-19,3103.75,3114.5,3097.75,3111.5,3111.5,167387
21-Nov-19,3099.75,3114.5,3091.25,3104,3104,246821
20-Nov-19,3116.25,3118.5,3090.75,3109,3109,288461
19-Nov-19,3122,3132.5,3112.75,3118.5,3118.5,185564
18-Nov-19,3119.25,3128,3111,3121.75,3121.75,159079
15-Nov-19,3097.5,3119.5,3095.75,3118.25,3118.25,156320
14-Nov-19,3096.25,3099.75,3081.75,3097,3097,176971
13-Nov-19,3091.5,3097,3075.75,3095.5,3095.5,203289
12-Nov-19,3087.75,3102,3081.25,3092,3092,164987
11-Nov-19,3091,3092,3074.5,3087.5,3087.5,114085
8-Nov-19,3086.5,3092.5,3072.5,3090.5,3090.5,155419
7-Nov-19,3077.25,3097.5,3070.25,3086,3086,205063
6-Nov-19,3071.75,3078,3063.25,3075.5,3075.5,217605
5-Nov-19,3077.25,3085.75,3069.75,3072,3072,197388
4-Nov-19,3064.25,3083.5,3064.25,3075.75,3075.75,174837
1-Nov-19,3036.75,3065.25,3033,3063.25,3063.25,193991
31-Oct-19,3052.5,3052.75,3020,3035.75,3035.75,339183
30-Oct-19,3036.25,3055.5,3023.25,3047.75,3047.75,251594
29-Oct-19,3039,3046,3029.5,3035.75,3035.75,204832
28-Oct-19,3023,3042.75,3022,3036.25,3036.25,177810
25-Oct-19,3004,3026.5,3000,3020.25,3020.25,197825
24-Oct-19,3005.5,3015.5,2998.5,3004.25,3004.25,225499
23-Oct-19,2991.75,3007,2982,3005.75,3005.75,202708
22-Oct-19,3006.75,3014,2988,2994.5,2994.5,258327
21-Oct-19,2985,3007.5,2983.75,3006.5,3006.5,183087
18-Oct-19,2998.5,3001,2975,2988.25,2988.25,263667
17-Oct-19,2992.5,3008,2985.25,2998,2998,250867
16-Oct-19,2998.25,2998.25,2984.75,2991.5,2991.5,233214
15-Oct-19,2967,3003.25,2966.25,2997.75,2997.75,229519
14-Oct-19,2967.75,2982.25,2954,2965.5,2965.5,210619
11-Oct-19,2948.5,2993.75,2941.75,2970.75,2970.75,349487
10-Oct-19,2920,2953.75,2881.75,2941,2941,403091
9-Oct-19,2894,2932,2888.25,2919,2919,286742
8-Oct-19,2935.25,2950,2890.75,2892.5,2892.5,437173
7-Oct-19,2937.25,2959.25,2926.5,2937.5,2937.5,271879
4-Oct-19,2912.25,2953.25,2890.25,2951,2951,322583
3-Oct-19,2884.5,2913,2855,2911.75,2911.75,424733
2-Oct-19,2942.25,2949,2874,2880.5,2880.5,404895
1-Oct-19,2984.25,2994.25,2936.75,2937.75,2937.75,331879
30-Sep-19,2975.25,2986.25,2964.5,2978.5,2978.5,199855
27-Sep-19,2981.25,2993,2946,2963.75,2963.75,361744
26-Sep-19,2987,2995.5,2964.25,2980.5,2980.5,277246
25-Sep-19,2972,2991.75,2953.5,2986.25,2986.25,301205
24-Sep-19,3002.25,3012.5,2958.5,2970.25,2970.25,478998
23-Sep-19,2995,3008,2982,2997,2997,243011
20-Sep-19,3004.75,3016.25,3003.25,3013.61,3013.61,303170
19-Sep-19,3007.5,3022.25,2989,3006,3006,13729
18-Sep-19,3005.75,3011.25,2978.25,3006.25,3006.25,20187
17-Sep-19,3001.75,3006.5,2991.25,3005.5,3005.5,18363
16-Sep-19,2997.75,3003.25,2981,2999,2999,30303
13-Sep-19,3010.5,3024,3003.5,3006.5,3006.5,49788
12-Sep-19,3002.5,3021.75,3001,3011.75,3011.75,319497
11-Sep-19,2979.5,3004.5,2972.25,3002,3002,204351
10-Sep-19,2979.25,2984.75,2957.25,2978.5,2978.5,259700
9-Sep-19,2980,2991.75,2969.25,2978.25,2978.25,181052
6-Sep-19,2971,2988.25,2970.25,2980.75,2980.75,220131
5-Sep-19,2937.75,2986.75,2936.5,2972,2972,291346
4-Sep-19,2903.25,2939.5,2902,2938.5,2938.5,217291
3-Sep-19,2913.5,2926.5,2889,2906,2906,394439
30-Aug-19,2923.75,2946.5,2913.25,2924.75,2924.75,259821
29-Aug-19,2884.25,2930.75,2875.25,2926.75,2926.75,256909
28-Aug-19,2865.5,2891,2851.75,2889.75,2889.75,275588
27-Aug-19,2883.25,2899.5,2860,2865.5,2865.5,301020
26-Aug-19,2833.75,2888.25,2810,2883.25,2883.25,354113
23-Aug-19,2920.25,2936.75,2834,2855.5,2855.5,501966
22-Aug-19,2931.75,2939.75,2904,2922.25,2922.25,264640
21-Aug-19,2894,2932.5,2893,2929.25,2929.25,187679
20-Aug-19,2921,2932.75,2894.25,2898.25,2898.25,244063
19-Aug-19,2893,2932.25,2892.25,2923.75,2923.75,211871
16-Aug-19,2850,2894.75,2849.5,2891.5,2891.5,315805
15-Aug-19,2836,2871.75,2817.75,2848.5,2848.5,719454
14-Aug-19,2930,2936.5,2835.75,2840.75,2840.75,569458
13-Aug-19,2882.5,2944.25,2866.75,2932,2932,461077
12-Aug-19,2920.25,2930.75,2872.5,2880.25,2880.25,445371
9-Aug-19,2931,2936,2898.75,2919.75,2919.75,473100
8-Aug-19,2878.5,2941.5,2870.5,2940,2940,317162
7-Aug-19,2875,2891.25,2823,2880.5,2880.5,765873
6-Aug-19,2817.5,2884,2776,2876,2876,637888
5-Aug-19,2930.75,2933.5,2820.75,2830,2830,723771
2-Aug-19,2950.75,2961,2913.25,2932.5,2932.5,557195
1-Aug-19,2971.5,3014,2944.5,2952,2952,701486
31-Jul-19,3015.25,3020.5,2957.75,2982.25,2982.25,451065
30-Jul-19,3023,3027.5,3001.5,3012.25,3012.25,237838
29-Jul-19,3022.25,3027.5,3015.5,3021.75,3021.75,178198
26-Jul-19,3006.75,3029.5,3006,3024.5,3024.5,173468
25-Jul-19,3018.75,3027.75,2998,3006.5,3006.5,291736
24-Jul-19,3003.25,3022,2996,3021.5,3021.5,194065
23-Jul-19,2989,3008.75,2987.5,3008,3008,209110
22-Jul-19,2973.75,2993.5,2972.25,2989,2989,186865
19-Jul-19,3003.5,3009.75,2969.25,2977,2977,262655
18-Jul-19,2981.25,3005.5,2974.5,2997.5,2997.5,229943
17-Jul-19,3005.75,3013,2980.5,2985,2985,167007
16-Jul-19,3017,3021.75,3004.25,3007,3007,165821
15-Jul-19,3016,3024,3011,3017.25,3017.25,132130
12-Jul-19,3003,3017.75,3002,3015.5,3015.5,142816
11-Jul-19,2996.25,3006.75,2992.5,3004,3004,209744
10-Jul-19,2982.25,3007.5,2971.25,2997.5,2997.5,242428
9-Jul-19,2978.25,2986.25,2963.5,2982,2982,174556
8-Jul-19,2991.25,2994.75,2973.25,2978.5,2978.5,183018
5-Jul-19,3000,3005.5,2971.5,2990.5,2990.5,208873
3-Jul-19,2979.25,3001,2973.75,3000.25,3000.25,122088
2-Jul-19,2967.75,2980.25,2958.5,2979.5,2979.5,191244
1-Jul-19,2964,2982.25,2955.5,2967.75,2967.75,206810
28-Jun-19,2933.75,2955.25,2929.75,2944.25,2944.25,167475
27-Jun-19,2916,2936,2915,2931,2931,181879
26-Jun-19,2922.5,2939,2914.5,2918,2918,193670
25-Jun-19,2951.25,2958.25,2919.75,2922,2922,249219
24-Jun-19,2948.25,2961.5,2944.75,2952,2952,160580
21-Jun-19,2952.25,2956.75,2944,2953.9,2953.9,220993
20-Jun-19,2927.75,2959.75,2923.25,2955.75,2955.75,10647
19-Jun-19,2921.25,2932.25,2910.75,2929,2929,14448
18-Jun-19,2894,2931.75,2884.5,2921.75,2921.75,18230
17-Jun-19,2890.5,2900.5,2887.5,2892,2892,19085
14-Jun-19,2893.25,2898.75,2880.5,2890.5,2890.5,82327
13-Jun-19,2881.75,2896.5,2867.5,2894.5,2894.5,200890
12-Jun-19,2886,2890.75,2875.25,2881,2881,170033
11-Jun-19,2890,2911.5,2879.25,2887,2887,224585
10-Jun-19,2891,2905.75,2880.5,2889.25,2889.25,166943
7-Jun-19,2840.75,2886.25,2837.75,2875,2875,230882
6-Jun-19,2823.25,2853.25,2812.75,2845.75,2845.75,260902
5-Jun-19,2805.75,2829.75,2800.75,2827.75,2827.75,308867
4-Jun-19,2753,2807,2744,2805,2805,266160
3-Jun-19,2742.25,2763.75,2728.75,2749.5,2749.5,416559
31-May-19,2790,2791,2750,2752.5,2752.5,327277
30-May-19,2780.5,2799.25,2776.5,2790.5,2790.5,200684
29-May-19,2802,2806.25,2766.25,2780,2780,300492
28-May-19,2831,2841.25,2800.5,2805,2805,211121
24-May-19,2821.75,2842,2819.25,2831.75,2831.75,175700
23-May-19,2856.75,2858.5,2805.5,2819.5,2819.5,300590
22-May-19,2864.75,2869.75,2848.5,2857.5,2857.5,176205
21-May-19,2847.5,2870.75,2846.5,2866,2866,158252
20-May-19,2861.5,2876.75,2832.25,2844,2844,263910
17-May-19,2879.25,2887.75,2852.5,2862,2862,302279
16-May-19,2854.25,2894.25,2840.5,2878.5,2878.5,220248
15-May-19,2840,2860,2815,2855,2855,217593
14-May-19,2806.75,2854,2799.5,2839.25,2839.25,181543
13-May-19,2881.25,2881.25,2801.75,2807,2807,383783
10-May-19,2870.25,2893,2826,2887,2887,396057
9-May-19,2884.25,2885.5,2836.25,2872.75,2872.75,340659
8-May-19,2890.25,2899.25,2868.75,2887.25,2887.25,254506
7-May-19,2912,2930.75,2862.5,2890.75,2890.75,246925
6-May-19,2947.5,2947.5,2883.75,2932.5,2932.5,159243
